Title,Price,Rating,Num Of Reviews,Author,Book Type,Genre,Cover Image,Interesting
يقولون الاولين,58.0,5.0,73,Walid Al-Anazi,Paperback,Fiction Genres,"https://www.jarir.com/cdn-cgi/image/fit=contain,width=350,height=auto,quality=85,metadata=none/https://ak-asset.jarir.com/akeneo-prod/asset/1/e/7/6/1e761c6ed4a5cad1a91dce3300843b80c41fba37_643542.jpg",1
صفحة واحدة في المرة رفيق مبدع يومي,59.0,4.5,37,Adam J. Kertz.,Paperback,Self-Help & Personal Development,"https://www.jarir.com/cdn-cgi/image/fit=contain,width=350,height=auto,quality=85,metadata=none/https://ak-asset.jarir.com/akeneo-prod/asset/m1images/4/6/462372.jpg",0
المعاصر 9 تأسيس كمي ورقمي ومحوسب مع بنك المحوسب الجديد 80 اصدار,120.0,4.7,29,Imad Al-Zarri,Paperback,Education & Reference,"https://www.jarir.com/cdn-cgi/image/fit=contain,width=350,height=auto,quality=85,metadata=none/https://ak-asset.jarir.com/akeneo-prod/asset/f/e/8/3/fe8352d1794102cd8bee79a01b577b1f82c2036c_641633.jpg",1
الاب الغني الاب الفقير ما يعلمه الاثرياء ولا يعلمه الفقراء,79.0,5.0,24,Robert T. Kiusaki,Paperback,Business & Finance,"https://www.jarir.com/cdn-cgi/image/fit=contain,width=350,height=auto,quality=85,metadata=none/https://ak-asset.jarir.com/akeneo-prod/asset/m1images/4/7/479220.jpg",1
مصحف القيام مقاس 25×35,89.0,5.0,20,Fatima.,غلاف مقوى فني,Religion & Spirituality,"https://www.jarir.com/cdn-cgi/image/fit=contain,width=350,height=auto,quality=85,metadata=none/https://ak-asset.jarir.com/akeneo-prod/asset/9/3/2/e/932ecff3798b1e39d71c4dc3b859cdf97c75d63f_584370.jpg",1
ابق قويا 365 يوما في السنة,69.0,4.8,17,Demi Lovato.,غلاف مقوى,Self-Help & Personal Development,"https://www.jarir.com/cdn-cgi/image/fit=contain,width=350,height=auto,quality=85,metadata=none/https://ak-asset.jarir.com/akeneo-prod/asset/m1images/4/1/419110.jpg",0
واختفي كل شيء,37.0,4.9,91,Agatha Christie.,Paperback,Fiction Genres,"https://www.jarir.com/cdn-cgi/image/fit=contain,width=350,height=auto,quality=85,metadata=none/https://ak-asset.jarir.com/akeneo-prod/asset/d/3/d/a/d3da9f41481911108f522382e7c43a991179e098_296955.jpg",1
المعاصر اللفظي 9 ورقي ومحوسب 3 أجزاء,96.0,4.9,15,Osman Abdullah,Paperback,Education & Reference,"https://www.jarir.com/cdn-cgi/image/fit=contain,width=350,height=auto,quality=85,metadata=none/https://ak-asset.jarir.com/akeneo-prod/asset/5/f/5/8/5f58c45a3a2c46a467f5b9b8aa024cf2e43e4f60_641634.jpg",1
من الذي قتل السيد روجر أكرويد,37.0,5.0,13,Agatha Christie.,Paperback,Fiction Genres,"https://www.jarir.com/cdn-cgi/image/fit=contain,width=350,height=auto,quality=85,metadata=none/https://ak-asset.jarir.com/akeneo-prod/asset/m1images/2/9/296952.jpg",1
ليلة لا تنتهي,37.0,4.3,19,Agatha Christie.,Paperback,Fiction Genres,"https://www.jarir.com/cdn-cgi/image/fit=contain,width=350,height=auto,quality=85,metadata=none/https://ak-asset.jarir.com/akeneo-prod/asset/m1images/4/1/411827.jpg",1
أبجدية القتلى,37.0,5.0,11,Agatha Christie.,Paperback,Fiction Genres,"https://www.jarir.com/cdn-cgi/image/fit=contain,width=350,height=auto,quality=85,metadata=none/https://ak-asset.jarir.com/akeneo-prod/asset/a/7/d/6/a7d6aa26eb0ef4a23f16e19494ebc67ac02ab888_296949.jpg",1
لا تهتم بصغائر الامور فكل الامور صغائر,42.0,5.0,9,Richard Carlson.,Paperback,Self-Help & Personal Development,"https://www.jarir.com/cdn-cgi/image/fit=contain,width=350,height=auto,quality=85,metadata=none/https://ak-asset.jarir.com/akeneo-prod/asset/a/e/3/4/ae34a63bf15496740fa9cd94dc04f726a2a43a29_121802.jpg",1
جريمة في قطار الشرق السريع,37.0,4.7,14,Agatha Christie.,Paperback,Fiction Genres,"https://www.jarir.com/cdn-cgi/image/fit=contain,width=350,height=auto,quality=85,metadata=none/https://ak-asset.jarir.com/akeneo-prod/asset/a/6/b/7/a6b7f5c0aad7d7c0cdf6b273cd11ea6cbf4b4992_296953.jpg",1
قوة عقلك الباطن,65.0,4.6,17,Joseph Murphy.,Paperback,Self-Help & Personal Development,"https://www.jarir.com/cdn-cgi/image/fit=contain,width=350,height=auto,quality=85,metadata=none/https://ak-asset.jarir.com/akeneo-prod/asset/m1images/1/6/169834.jpg",1
الفتاة الثالثة الجريمة المنسية,37.0,4.9,11,Agatha Christie.,Paperback,Fiction Genres,"https://www.jarir.com/cdn-cgi/image/fit=contain,width=350,height=auto,quality=85,metadata=none/https://ak-asset.jarir.com/akeneo-prod/asset/m1images/4/5/450969.jpg",1
أغنى رجل في بابل,35.0,4.9,13,George Klason.,Paperback,Self-Help & Personal Development,"https://www.jarir.com/cdn-cgi/image/fit=contain,width=350,height=auto,quality=85,metadata=none/https://ak-asset.jarir.com/akeneo-prod/asset/m1images/2/5/251044.jpg",0
مميز بالاصفر,40.0,4.4,14,"Rochelle Bennington/H Jackson Brown, son.",Paperback,Self-Help & Personal Development,"https://www.jarir.com/cdn-cgi/image/fit=contain,width=350,height=auto,quality=85,metadata=none/https://ak-asset.jarir.com/akeneo-prod/asset/m1images/3/4/343945.jpg",0
الرجال من المريخ النساء من الزهرة الدليل الرائع لفهم الجنس الاخر,69.0,4.3,10,John Gray.,Paperback,Self-Help & Personal Development,"https://www.jarir.com/cdn-cgi/image/fit=contain,width=350,height=auto,quality=85,metadata=none/https://ak-asset.jarir.com/akeneo-prod/asset/m1images/1/3/130610.jpg",1
ابدأ من حيث أنت دفتر يوميات للاستكشاف الذاتي,28.0,4.9,8,Mira Lie Patel,Paperback,Self-Help & Personal Development,"https://www.jarir.com/cdn-cgi/image/fit=contain,width=350,height=auto,quality=85,metadata=none/https://ak-asset.jarir.com/akeneo-prod/asset/m1images/4/5/459105.jpg",1
عقدك النفسية سجنك الابدي,69.0,5.0,11,Yusuf Al-Husseni,Paperback,Politics & Social Sciences,"https://www.jarir.com/cdn-cgi/image/fit=contain,width=350,height=auto,quality=85,metadata=none/https://ak-asset.jarir.com/akeneo-prod/asset/m1/delta/563593.jpg",1
لغات الحب الخمس كيف تعبر عن حبك العميق لشريك حياتك,55.0,5.0,7,Gary Chapman.,Paperback,Self-Help & Personal Development,"https://www.jarir.com/cdn-cgi/image/fit=contain,width=350,height=auto,quality=85,metadata=none/https://ak-asset.jarir.com/akeneo-prod/asset/3/2/3/c/323ccdc64bbdb9e0b2410625aea5381b34a899f2_327816.jpg",1
أسرار عقل المليونير اتقان لعبة تحقيق الثراء,39.0,4.4,9,T. Harv Ecker.,Paperback,Self-Help & Personal Development,"https://www.jarir.com/cdn-cgi/image/fit=contain,width=350,height=auto,quality=85,metadata=none/https://ak-asset.jarir.com/akeneo-prod/asset/m1images/2/7/276808.jpg",0
الشعور الجيد العلاج الجديد للتقلبات المزاجية,80.0,5.0,7,David de Burns.,Paperback,Self-Help & Personal Development,"https://www.jarir.com/cdn-cgi/image/fit=contain,width=350,height=auto,quality=85,metadata=none/https://ak-asset.jarir.com/akeneo-prod/asset/m1images/4/4/449573.jpg",0
مغامرات شيرلوك هولمز,32.0,4.3,6,Arthur Conan Doyle.,غلاف مقوى,Children & Young Adults,"https://www.jarir.com/cdn-cgi/image/fit=contain,width=350,height=auto,quality=85,metadata=none/https://ak-asset.jarir.com/akeneo-prod/asset/m1/delta/502641.jpg",1
من الذي حرك قطعة الجبن الخاصة بي,49.0,4.8,9,Spencer Johnson.,غلاف مقوى,Self-Help & Personal Development,"https://www.jarir.com/cdn-cgi/image/fit=contain,width=350,height=auto,quality=85,metadata=none/https://ak-asset.jarir.com/akeneo-prod/asset/m1images/1/6/169850.jpg",1
مذكرات شيرلوك هولمز,32.0,4.6,5,Arthur Conan Doyle.,غلاف مقوى,Children & Young Adults,"https://www.jarir.com/cdn-cgi/image/fit=contain,width=350,height=auto,quality=85,metadata=none/https://ak-asset.jarir.com/akeneo-prod/asset/m1/delta/502661.jpg",1
لانك الله الجزء الاول رحلة الى السماء السابعة,35.0,5.0,5,Ali Jaber Alfifie,Paperback,Religion & Spirituality,"https://www.jarir.com/cdn-cgi/image/fit=contain,width=350,height=auto,quality=85,metadata=none/https://ak-asset.jarir.com/akeneo-prod/asset/d/a/d/f/dadf37ad30faa5f18d56d50ecffb69da3ac70bce_597975.jpg",1
كتيب الانشطة الضخمة للبنات مع 1000 نشاط مرح و 500 ملصق,33.0,5.0,8,Greer's library.,Paperback,Children & Young Adults,"https://www.jarir.com/cdn-cgi/image/fit=contain,width=350,height=auto,quality=85,metadata=none/https://ak-asset.jarir.com/akeneo-prod/asset/m1images/5/1/513663.jpg",1
القهوة السوداء,37.0,4.5,8,Agatha Christie.,Paperback,Fiction Genres,"https://www.jarir.com/cdn-cgi/image/fit=contain,width=350,height=auto,quality=85,metadata=none/https://ak-asset.jarir.com/akeneo-prod/asset/m1images/4/1/411822.jpg",1
المنزل الاعوج جريمة قتل في منزل آل ليونيدز,37.0,5.0,6,Agatha Christie.,Paperback,Fiction Genres,"https://www.jarir.com/cdn-cgi/image/fit=contain,width=350,height=auto,quality=85,metadata=none/https://ak-asset.jarir.com/akeneo-prod/asset/3/8/d/b/38dbe304f85f5bdf364a09f58047c9cc956b6e30_411829.jpg",1
اعلان عن جريمة,37.0,4.8,5,Agatha Christie.,Paperback,Fiction Genres,"https://www.jarir.com/cdn-cgi/image/fit=contain,width=350,height=auto,quality=85,metadata=none/https://ak-asset.jarir.com/akeneo-prod/asset/e/7/0/2/e702d1da7bbc0a6c08dddf5db9248d135989e877_315080.jpg",1
لغز القطار الازرق,37.0,5.0,6,Agatha Christie.,Paperback,Fiction Genres,"https://www.jarir.com/cdn-cgi/image/fit=contain,width=350,height=auto,quality=85,metadata=none/https://ak-asset.jarir.com/akeneo-prod/asset/m1images/3/3/338804.jpg",1
قوة العادات لماذا نعمل ما نعمل فى الحياة الشخصية والعملية,85.0,5.0,3,Charles Doug.,غلاف مقوى,Self-Help & Personal Development,"https://www.jarir.com/cdn-cgi/image/fit=contain,width=350,height=auto,quality=85,metadata=none/https://ak-asset.jarir.com/akeneo-prod/asset/m1images/3/9/397906.jpg",0
365 قصة عن الاخلاق عبرة في كل يوم تبعدك عن المتاعب,68.0,4.7,3,Unknown,غلاف مقوى,Children & Young Adults,"https://www.jarir.com/cdn-cgi/image/fit=contain,width=350,height=auto,quality=85,metadata=none/https://ak-asset.jarir.com/akeneo-prod/asset/m1images/4/5/454250.jpg",1
جثة في المكتبة,37.0,4.9,8,Agatha Christie.,Paperback,Fiction Genres,"https://www.jarir.com/cdn-cgi/image/fit=contain,width=350,height=auto,quality=85,metadata=none/https://ak-asset.jarir.com/akeneo-prod/asset/7/6/8/5/76857c3e1faa01ccb5cc35074a403c039425a570_296946.jpg",1
فكر وازدد ثراء اكتشف قوتك السحرية لتصبح ثريا,55.0,4.2,5,Napoleon Hill.,Paperback,Self-Help & Personal Development,"https://www.jarir.com/cdn-cgi/image/fit=contain,width=350,height=auto,quality=85,metadata=none/https://ak-asset.jarir.com/akeneo-prod/asset/m1images/4/1/411059.jpg",0
ماجدولين,35.0,5.0,3,Mustafa Lutfi,Paperback,Fiction Genres,"https://www.jarir.com/cdn-cgi/image/fit=contain,width=350,height=auto,quality=85,metadata=none/https://ak-asset.jarir.com/akeneo-prod/asset/m1images/5/3/536514.jpg",1
أمير الشر الجزء الاول,75.0,3.7,3,Holly Black.,Paperback,Fiction Genres,"https://www.jarir.com/cdn-cgi/image/fit=contain,width=350,height=auto,quality=85,metadata=none/https://ak-asset.jarir.com/akeneo-prod/asset/9/a/7/8/9a7850ce32333860d19f614d759f8bbcac71f239_567904.jpg",1
يحب الاطفال الكلمات الاولى,25.0,5.0,3,A chain likes kids.,غلاف مقوى,Children & Young Adults,"https://www.jarir.com/cdn-cgi/image/fit=contain,width=350,height=auto,quality=85,metadata=none/https://ak-asset.jarir.com/akeneo-prod/asset/m1images/5/2/526711.jpg",1
شفاء الطفل التائه بداخلك كيف توقف ردود الفعل الاندفاعية,49.0,5.0,3,Robert Jackman.,Paperback,Self-Help & Personal Development,"https://www.jarir.com/cdn-cgi/image/fit=contain,width=350,height=auto,quality=85,metadata=none/https://ak-asset.jarir.com/akeneo-prod/asset/0/4/c/c/04ccd74f9683e21fdd9705e9c48235ce093d0e2a_571837.jpg",1
أيقظ قواك الخفية كيف تتحكم فورا بمستقبلك الذهني والعاطفي و الجسماني و المالي,68.0,4.7,3,Anthony Robbins.,Paperback,Self-Help & Personal Development,"https://www.jarir.com/cdn-cgi/image/fit=contain,width=350,height=auto,quality=85,metadata=none/https://ak-asset.jarir.com/akeneo-prod/asset/m1images/1/2/123421.jpg",1
الاهداف / كيف تحصل على كل شيء تريده أسرع مما ظننته ممكنا,41.0,5.0,3,Brian Tracy.,Paperback,Self-Help & Personal Development,"https://www.jarir.com/cdn-cgi/image/fit=contain,width=350,height=auto,quality=85,metadata=none/https://ak-asset.jarir.com/akeneo-prod/asset/m1images/3/8/383248.jpg",1
لا أعذار قوة الانضباط الذاتي,46.0,5.0,3,Brian Tracy.,Paperback,Self-Help & Personal Development,"https://www.jarir.com/cdn-cgi/image/fit=contain,width=350,height=auto,quality=85,metadata=none/https://ak-asset.jarir.com/akeneo-prod/asset/m1images/3/8/385407.jpeg",0
الساعات جثة في منزل الانسة العمياء,37.0,4.8,4,Agatha Christie.,Paperback,Fiction Genres,"https://www.jarir.com/cdn-cgi/image/fit=contain,width=350,height=auto,quality=85,metadata=none/https://ak-asset.jarir.com/akeneo-prod/asset/m1images/4/5/450964.jpg",1
التلوين الباعث على الصفاء والهدوء فن الوعي التام,45.0,5.0,4,Greer's library issues.,Paperback,"Arts, Crafts, & Hobbies","https://www.jarir.com/cdn-cgi/image/fit=contain,width=350,height=auto,quality=85,metadata=none/https://ak-asset.jarir.com/akeneo-prod/asset/m1images/4/5/455718.jpg",1
كتاب التلوين من أجل الهدوء رسومات جميلة لتخفيف همومك,45.0,4.7,3,Group of authors,Paperback,"Arts, Crafts, & Hobbies","https://www.jarir.com/cdn-cgi/image/fit=contain,width=350,height=auto,quality=85,metadata=none/https://ak-asset.jarir.com/akeneo-prod/asset/m1images/4/5/455727.jpg",1
طفل المخ الكامل 12 استراتيجية ثورية للعناية بالمخ النامي,33.0,5.0,3,Tina Payne Bryson/Daniel Ji Segel.,Paperback,Self-Help & Personal Development,"https://www.jarir.com/cdn-cgi/image/fit=contain,width=350,height=auto,quality=85,metadata=none/https://ak-asset.jarir.com/akeneo-prod/asset/m1images/4/5/456797.jpg",1
كتاب التلوين للكبار رسومات تساعدك على التخلص من التوتر,45.0,5.0,3,Greer's library issues.,Paperback,"Arts, Crafts, & Hobbies","https://www.jarir.com/cdn-cgi/image/fit=contain,width=350,height=auto,quality=85,metadata=none/https://ak-asset.jarir.com/akeneo-prod/asset/m1images/4/5/457900.jpg",1
العجلات المتحركة سيارة المطافي,25.0,5.0,2,The wheel chain.,كتاب مقوى,Children & Young Adults,"https://www.jarir.com/cdn-cgi/image/fit=contain,width=350,height=auto,quality=85,metadata=none/https://ak-asset.jarir.com/akeneo-prod/asset/m1images/4/5/458622.jpg",1
حكايات الاحلام السعيدة كنز من حكايات الاطفال,49.0,5.0,2,Unknown,غلاف مقوى,Children & Young Adults,"https://www.jarir.com/cdn-cgi/image/fit=contain,width=350,height=auto,quality=85,metadata=none/https://ak-asset.jarir.com/akeneo-prod/asset/m1images/4/5/454518.jpg",1
حكايات الخمس دقائق قصص ما قبل النوم قصص لطيفة تساعد على النوم,25.0,4.0,2,Five-minute story series,غلاف مقوى,Children & Young Adults,"https://www.jarir.com/cdn-cgi/image/fit=contain,width=350,height=auto,quality=85,metadata=none/https://ak-asset.jarir.com/akeneo-prod/asset/m1images/4/2/429642.jpg",1
حكايات ما قبل النوم 7 حكايات قبل النوم,25.0,3.5,2,Greer's library.,غلاف مقوى,Children & Young Adults,"https://www.jarir.com/cdn-cgi/image/fit=contain,width=350,height=auto,quality=85,metadata=none/https://ak-asset.jarir.com/akeneo-prod/asset/m1images/4/2/429643.jpg",1
501 شيء لتبحثي عنها أشياء مثيرة لتبحثي عنها وتحددي مكانها 3 أرانب,25.0,5.0,2,Greer's library.,غلاف مقوى,Children & Young Adults,"https://www.jarir.com/cdn-cgi/image/fit=contain,width=350,height=auto,quality=85,metadata=none/https://ak-asset.jarir.com/akeneo-prod/asset/m1images/4/2/429647.jpg",1
من جيد الى عظيم,72.0,5.0,4,Jim Collins.,غلاف مقوى,Business & Finance,"https://www.jarir.com/cdn-cgi/image/fit=contain,width=350,height=auto,quality=85,metadata=none/https://ak-asset.jarir.com/akeneo-prod/asset/m1images/4/4/442111.jpg",1
(أنا أسمع أصدقائي من الحيوانات الصغيرة (كتاب صوتي,46.0,5.0,2,A chain I hear.,كتاب مقوى,Children & Young Adults,"https://www.jarir.com/cdn-cgi/image/fit=contain,width=350,height=auto,quality=85,metadata=none/https://ak-asset.jarir.com/akeneo-prod/asset/m1images/4/4/441356.jpg",0
(أنا أسمع حيوانات المزرعة الصغيرة (كتاب صوتي,45.0,5.0,3,A chain I hear.,كتاب مقوى,Children & Young Adults,"https://www.jarir.com/cdn-cgi/image/fit=contain,width=350,height=auto,quality=85,metadata=none/https://ak-asset.jarir.com/akeneo-prod/asset/m1images/4/4/441357.jpg",1
حول العالم في 80 يوما كلاسيكيات مصورة,29.0,5.0,2,Joel Vern.,غلاف مقوى,Children & Young Adults,"https://www.jarir.com/cdn-cgi/image/fit=contain,width=350,height=auto,quality=85,metadata=none/https://ak-asset.jarir.com/akeneo-prod/asset/2/5/1/0/25100dac6fb29358abcffa3dfbe45156717da9f0_589543.jpg",1
نادي الخامسة 5 صباحا,85.0,5.0,2,Robin Sharma.,غلاف مقوى,Self-Help & Personal Development,"https://www.jarir.com/cdn-cgi/image/fit=contain,width=350,height=auto,quality=85,metadata=none/https://ak-asset.jarir.com/akeneo-prod/asset/m1images/5/1/515288.jpg",1
قضايا شيرلوك هولمز,32.0,5.0,2,Arthur Conan Doyle.,غلاف مقوى,Children & Young Adults,"https://www.jarir.com/cdn-cgi/image/fit=contain,width=350,height=auto,quality=85,metadata=none/https://ak-asset.jarir.com/akeneo-prod/asset/m1/delta/502658.jpg",1
حكايات لخمس دقائق قصص الحيوانات قصص مرحة يجب قراءتها والاحتفاظ بها,25.0,5.0,2,Five-minute story series.,غلاف مقوى,Children & Young Adults,"https://www.jarir.com/cdn-cgi/image/fit=contain,width=350,height=auto,quality=85,metadata=none/https://ak-asset.jarir.com/akeneo-prod/asset/m1/delta/504087.jpg",1
ايكيجاي السر الياباني لعيش حياة مثمرة وسعيدة,49.0,5.0,4,Ken Mojoy.,غلاف مقوى,Self-Help & Personal Development,"https://www.jarir.com/cdn-cgi/image/fit=contain,width=350,height=auto,quality=85,metadata=none/https://ak-asset.jarir.com/akeneo-prod/asset/m1images/4/9/491538.jpg",1
المنصف في القدرات بنك اسئلة المحوسب الجديدة جزئين الطبعة الخامسة,115.0,5.0,2,Mahmoud Wafi,Paperback,Education & Reference,"https://www.jarir.com/cdn-cgi/image/fit=contain,width=350,height=auto,quality=85,metadata=none/https://ak-asset.jarir.com/akeneo-prod/asset/e/6/1/f/e61f42f88c6060fe934e7a9b2fbc9d25f0b2f4ad_643847.jpg",1
رسائل من القرآن,53.0,5.0,2,Two Menirs.,Paperback,Religion & Spirituality,"https://www.jarir.com/cdn-cgi/image/fit=contain,width=350,height=auto,quality=85,metadata=none/https://ak-asset.jarir.com/akeneo-prod/asset/6/5/7/4/657453b2a047145bf0202c266fe0a6fabedc80bb_638398.jpg",0
موسوعتي الكبيرة عن الفضاء والكون,46.0,5.0,2,Greer's library.,غلاف مقوى,Children & Young Adults,"https://www.jarir.com/cdn-cgi/image/fit=contain,width=350,height=auto,quality=85,metadata=none/https://ak-asset.jarir.com/akeneo-prod/asset/m1images/4/2/422044.jpg",1
(ما الصوت؟ حيوانات (كتاب صوتي,45.0,4.5,2,A chain of sound.,كتاب مقوى,Children & Young Adults,"https://www.jarir.com/cdn-cgi/image/fit=contain,width=350,height=auto,quality=85,metadata=none/https://ak-asset.jarir.com/akeneo-prod/asset/m1images/4/2/420546.jpg",1
النموذج الرباعى للتدفقات النقدية,45.0,4.0,2,Robert T. Kiwasaki,Paperback,Business & Finance,"https://www.jarir.com/cdn-cgi/image/fit=contain,width=350,height=auto,quality=85,metadata=none/https://ak-asset.jarir.com/akeneo-prod/asset/8/6/a/0/86a04dfd2331440610353a947e39acee1ecd460a_282345.jpg",1
العادات ال 7 للاشخاص ذوي الفعالية العالية,89.0,5.0,2,Steven R. Kofi,غلاف مقوى,Self-Help & Personal Development,"https://www.jarir.com/cdn-cgi/image/fit=contain,width=350,height=auto,quality=85,metadata=none/https://ak-asset.jarir.com/akeneo-prod/asset/a/2/6/6/a266421e58c99612bf37d2582302e4de00e03edb_560533.jpg",1
الكتاب الكبير للانشطة الرائعة,69.0,5.0,4,Big Book series.,Paperback,Children & Young Adults,"https://www.jarir.com/cdn-cgi/image/fit=contain,width=350,height=auto,quality=85,metadata=none/https://ak-asset.jarir.com/akeneo-prod/asset/m1/delta/503726.jpg",1
كيف تريح عقلك,33.0,4.7,3,Anna Barnes.,Paperback,Self-Help & Personal Development,"https://www.jarir.com/cdn-cgi/image/fit=contain,width=350,height=auto,quality=85,metadata=none/https://ak-asset.jarir.com/akeneo-prod/asset/m1images/5/2/521739.jpg",0
مذكرة السعادة,32.0,5.0,2,I'm Barnes.,Paperback,Self-Help & Personal Development,"https://www.jarir.com/cdn-cgi/image/fit=contain,width=350,height=auto,quality=85,metadata=none/https://ak-asset.jarir.com/akeneo-prod/asset/m1/delta/549576.jpg",0
سوف تراه عندما تؤمن به سبيلك الى التحول الذاتي,33.0,5.0,2,Wynn Wyder.,Paperback,Self-Help & Personal Development,"https://www.jarir.com/cdn-cgi/image/fit=contain,width=350,height=auto,quality=85,metadata=none/https://ak-asset.jarir.com/akeneo-prod/asset/m1images/2/2/222216.jpeg",1
كيف تقول لا توقف عن محاولة ارضاء الاخرين للابد,27.0,4.5,2,Susan Newman.,Paperback,Self-Help & Personal Development,"https://www.jarir.com/cdn-cgi/image/fit=contain,width=350,height=auto,quality=85,metadata=none/https://ak-asset.jarir.com/akeneo-prod/asset/m1images/2/8/281574.jpg",1
الموت على ضفاف النيل,37.0,5.0,3,Agatha Christie.,Paperback,Fiction Genres,"https://www.jarir.com/cdn-cgi/image/fit=contain,width=350,height=auto,quality=85,metadata=none/https://ak-asset.jarir.com/akeneo-prod/asset/m1images/2/9/296950.jpg",1
21 قانونا لا يقبل الجدل في القيادة,45.0,5.0,2,John C. Maxwell.,Paperback,Business & Finance,"https://www.jarir.com/cdn-cgi/image/fit=contain,width=350,height=auto,quality=85,metadata=none/https://ak-asset.jarir.com/akeneo-prod/asset/m1images/3/2/328942.jpg",1
الافكار والمشاعر السيطرة على حالاتك المزاجية وعلى حياتك,60.0,5.0,2,Martha Davis/Matthew McCae.,Paperback,Self-Help & Personal Development,"https://www.jarir.com/cdn-cgi/image/fit=contain,width=350,height=auto,quality=85,metadata=none/https://ak-asset.jarir.com/akeneo-prod/asset/m1images/3/5/352853.jpg",1
لغة الجسد علم وأسرار لغة الجسد في العمل,33.0,4.5,2,Carol Kenzi Joman.,Paperback,Self-Help & Personal Development,"https://www.jarir.com/cdn-cgi/image/fit=contain,width=350,height=auto,quality=85,metadata=none/https://ak-asset.jarir.com/akeneo-prod/asset/m1images/3/5/356736.jpg",1
فهم الاسهم,64.0,4.3,4,Michael. We'll walk.,Paperback,Business & Finance,"https://www.jarir.com/cdn-cgi/image/fit=contain,width=350,height=auto,quality=85,metadata=none/https://ak-asset.jarir.com/akeneo-prod/asset/m1images/4/2/420322.jpg",1
الجواب كيف تمسك بمقاليد حياتك وتصبح الشخص الذي تود أن تكون عليه,43.0,5.0,2,Now Barbara Baze.,Paperback,Self-Help & Personal Development,"https://www.jarir.com/cdn-cgi/image/fit=contain,width=350,height=auto,quality=85,metadata=none/https://ak-asset.jarir.com/akeneo-prod/asset/m1images/4/6/465058.jpg",0
كتاب تلوين كبير ورائع أزرق أكثر من 140 صفحة ممتعة,34.0,4.0,2,Greer's library.,Paperback,Children & Young Adults,"https://www.jarir.com/cdn-cgi/image/fit=contain,width=350,height=auto,quality=85,metadata=none/https://ak-asset.jarir.com/akeneo-prod/asset/m1images/4/7/477595.jpg",1
الذكاء العاطفي وسبب كونه أكثر أهمية من حاصل الذكاء,52.0,5.0,2,Daniel Goldman.,Paperback,Self-Help & Personal Development,"https://www.jarir.com/cdn-cgi/image/fit=contain,width=350,height=auto,quality=85,metadata=none/https://ak-asset.jarir.com/akeneo-prod/asset/m1images/2/9/292492.jpg",1
شخبط ولون كتاب أنشطة وتلوين ممتع,20.0,5.0,2,Greer's library.,Paperback,Children & Young Adults,"https://www.jarir.com/cdn-cgi/image/fit=contain,width=350,height=auto,quality=85,metadata=none/https://ak-asset.jarir.com/akeneo-prod/asset/m1images/4/7/477865.jpg",1
1001 شيء للبحث عنها المركبات,30.0,4.0,1,1001 things to look for.,غلاف مقوى,Children & Young Adults,"https://www.jarir.com/cdn-cgi/image/fit=contain,width=350,height=auto,quality=85,metadata=none/https://ak-asset.jarir.com/akeneo-prod/asset/m1images/5/1/518208.jpg",1
101 مبادىء سوق الاسهم دورة مكثفة في بيع و شراء الاسهم,54.0,4.0,2,Michelle Kajan.,غلاف مقوى,Business & Finance,"https://www.jarir.com/cdn-cgi/image/fit=contain,width=350,height=auto,quality=85,metadata=none/https://ak-asset.jarir.com/akeneo-prod/asset/m1images/5/1/518849.jpg",1
حكايات لخمس دقائق قصص الاميرات قصص عجيبة يجب قراءتها والاحتفاظ بها,25.0,5.0,1,Five-minute story series.,غلاف مقوى,Children & Young Adults,"https://www.jarir.com/cdn-cgi/image/fit=contain,width=350,height=auto,quality=85,metadata=none/https://ak-asset.jarir.com/akeneo-prod/asset/m1/delta/504086.jpg",1
حكايات للاطفال في سن 1 عام حكايات رائعة للاطفال,25.0,5.0,2,Greer's library issues.,غلاف مقوى,Children & Young Adults,"https://www.jarir.com/cdn-cgi/image/fit=contain,width=350,height=auto,quality=85,metadata=none/https://ak-asset.jarir.com/akeneo-prod/asset/m1images/4/6/464463.jpg",1
1001 شيء للبحث عنها الديناصورات,30.0,5.0,1,Greer's library issues.,غلاف مقوى,Children & Young Adults,"https://www.jarir.com/cdn-cgi/image/fit=contain,width=350,height=auto,quality=85,metadata=none/https://ak-asset.jarir.com/akeneo-prod/asset/m1images/4/6/464480.jpg",1
كنز من حكايات الحيوانات,49.0,5.0,1,Greer's library issues.,غلاف مقوى,Children & Young Adults,"https://www.jarir.com/cdn-cgi/image/fit=contain,width=350,height=auto,quality=85,metadata=none/https://ak-asset.jarir.com/akeneo-prod/asset/m1images/4/5/454509.jpg",1
كنز الاطفال مجموعة من الحكايات الرائعة,49.0,5.0,1,Unknown,غلاف مقوى,Children & Young Adults,"https://www.jarir.com/cdn-cgi/image/fit=contain,width=350,height=auto,quality=85,metadata=none/https://ak-asset.jarir.com/akeneo-prod/asset/m1images/4/5/454511.jpg",1
مكتبة الطفل الاولى الحيوانات,39.0,5.0,1,Unknown,كتاب مقوى,Children & Young Adults,"https://www.jarir.com/cdn-cgi/image/fit=contain,width=350,height=auto,quality=85,metadata=none/https://ak-asset.jarir.com/akeneo-prod/asset/m1images/4/5/458609.jpg",1
مكتبة الطفل الاولى جسمي,39.0,5.0,1,Unknown,كتاب مقوى,Children & Young Adults,"https://www.jarir.com/cdn-cgi/image/fit=contain,width=350,height=auto,quality=85,metadata=none/https://ak-asset.jarir.com/akeneo-prod/asset/m1images/4/5/458613.jpg",1
العجلات المتحركة سيارة الاسعاف,25.0,5.0,1,The wheel chain.,كتاب مقوى,Children & Young Adults,"https://www.jarir.com/cdn-cgi/image/fit=contain,width=350,height=auto,quality=85,metadata=none/https://ak-asset.jarir.com/akeneo-prod/asset/m1images/4/5/458620.jpg",1
السر نسخة الذكرى السنوية العاشرة للكتاب,89.0,2.3,4,Rhonda Byrn.,غلاف مقوى,Self-Help & Personal Development,"https://www.jarir.com/cdn-cgi/image/fit=contain,width=350,height=auto,quality=85,metadata=none/https://ak-asset.jarir.com/akeneo-prod/asset/m1images/4/7/471945.jpg",1
هايدي,15.0,4.0,1,The great story series.,كتاب مقوى,Children & Young Adults,"https://www.jarir.com/cdn-cgi/image/fit=contain,width=350,height=auto,quality=85,metadata=none/https://ak-asset.jarir.com/akeneo-prod/asset/m1images/4/7/470317.jpg",1
حكايات الخمس دقائق قصص للاولاد مغامرات رائعة للاولاد,25.0,5.0,1,Five-minute story series,غلاف مقوى,Children & Young Adults,"https://www.jarir.com/cdn-cgi/image/fit=contain,width=350,height=auto,quality=85,metadata=none/https://ak-asset.jarir.com/akeneo-prod/asset/m1images/4/2/429633.jpg",1
حكايات الخمس دقائق قصص للبنات قصص لطيفة و جذابة,25.0,5.0,3,Five-minute story series,غلاف مقوى,Children & Young Adults,"https://www.jarir.com/cdn-cgi/image/fit=contain,width=350,height=auto,quality=85,metadata=none/https://ak-asset.jarir.com/akeneo-prod/asset/m1images/4/2/429634.jpg",1
501 شيء لتبحث عنها الكثير من الاشياء للبحث عنها والعثور عليها 8 طيور,25.0,5.0,2,Greer's library.,غلاف مقوى,Children & Young Adults,"https://www.jarir.com/cdn-cgi/image/fit=contain,width=350,height=auto,quality=85,metadata=none/https://ak-asset.jarir.com/akeneo-prod/asset/m1images/4/2/429646.jpg",1
صغار المزرعة,14.0,5.0,1,The fabulous little chain of animals.,كتاب مقوى,Children & Young Adults,"https://www.jarir.com/cdn-cgi/image/fit=contain,width=350,height=auto,quality=85,metadata=none/https://ak-asset.jarir.com/akeneo-prod/asset/m1images/4/5/452125.jpg",1
ألوان لتلمسها الاصفر,25.0,5.0,1,The color chain to touch.,كتاب مقوى,Children & Young Adults,"https://www.jarir.com/cdn-cgi/image/fit=contain,width=350,height=auto,quality=85,metadata=none/https://ak-asset.jarir.com/akeneo-prod/asset/m1images/4/5/452336.jpg",0
أرنوب,23.0,5.0,1,Unknown,كتاب فلين,Children & Young Adults,"https://www.jarir.com/cdn-cgi/image/fit=contain,width=350,height=auto,quality=85,metadata=none/https://ak-asset.jarir.com/akeneo-prod/asset/m1images/4/2/420749.jpg",1
2.0 الذكاء العاطفي,50.0,5.0,1,Jane Griffs/ Travis Bradbury.,غلاف مقوى,Self-Help & Personal Development,"https://www.jarir.com/cdn-cgi/image/fit=contain,width=350,height=auto,quality=85,metadata=none/https://ak-asset.jarir.com/akeneo-prod/asset/4/5/e/f/45ef6f2ecc8eb58f278abe45945a6f6503e2fc75_357821.jpg",1
الكلمات مكتبتي التعليمية الاولى,25.0,5.0,1,My first education library.,كتاب مقوى,Children & Young Adults,"https://www.jarir.com/cdn-cgi/image/fit=contain,width=350,height=auto,quality=85,metadata=none/https://ak-asset.jarir.com/akeneo-prod/asset/m1images/3/5/358318.jpg",1
الالوان مكتبتي التعليمية الاولى,25.0,5.0,1,My first education library.,كتاب مقوى,Children & Young Adults,"https://www.jarir.com/cdn-cgi/image/fit=contain,width=350,height=auto,quality=85,metadata=none/https://ak-asset.jarir.com/akeneo-prod/asset/e/3/1/a/e31a36a47784a6dcc8e07e56bfc9685940562bdd_358321.jpg",1
كيف تكسب الاصدقاء وتؤثر في الناس في العصر الرقمي,64.0,5.0,1,Del Carnegie and his associates.,غلاف مقوى,Self-Help & Personal Development,"https://www.jarir.com/cdn-cgi/image/fit=contain,width=350,height=auto,quality=85,metadata=none/https://ak-asset.jarir.com/akeneo-prod/asset/m1images/3/9/392553.jpeg",1
الجريمة والعقاب,29.0,5.0,1,Viodor Dustowski,غلاف مقوى,Children & Young Adults,"https://www.jarir.com/cdn-cgi/image/fit=contain,width=350,height=auto,quality=85,metadata=none/https://ak-asset.jarir.com/akeneo-prod/asset/8/f/c/a/8fca81e6901b249c5c41033cfa246a50986c547e_589557.jpg",1
كتابي الاول المصور الحروف الاشكال والالوان الارقام,29.0,5.0,1,Unknown,غلاف مقوى,Children & Young Adults,"https://www.jarir.com/cdn-cgi/image/fit=contain,width=350,height=auto,quality=85,metadata=none/https://ak-asset.jarir.com/akeneo-prod/asset/1/8/5/b/185b25e758673b74918ea58b6e7e49ffae339edb_585857.jpg",1
الكتاب الكبير للانشطة الرائعة,49.0,5.0,1,Unknown,غلاف مقوى,Children & Young Adults,"https://www.jarir.com/cdn-cgi/image/fit=contain,width=350,height=auto,quality=85,metadata=none/https://ak-asset.jarir.com/akeneo-prod/asset/9/d/4/e/9d4e7d7b1c49f7adf15fcc8434ecd3cbdf2ea753_586093.jpg",1
أساطير العالم بايجاز,35.0,5.0,1,Mark Daniels.,Paperback,History & Culture,"https://www.jarir.com/cdn-cgi/image/fit=contain,width=350,height=auto,quality=85,metadata=none/https://ak-asset.jarir.com/akeneo-prod/asset/0/5/7/6/0576fb396180de1f525f78446650084369871981_594705.jpg",1
العيون الفضية خمس ليال في مطعم فريدي رواية مصورة,49.0,5.0,1,Scott Booth.,Paperback,Children & Young Adults,"https://www.jarir.com/cdn-cgi/image/fit=contain,width=350,height=auto,quality=85,metadata=none/https://ak-asset.jarir.com/akeneo-prod/asset/d/a/5/d/da5d9f761120ffa32fa27f34e43ebddef056f247_613512.jpg",1
الاب الغني الاب الفقير مع تحديثات من أجل عالم اليوم,79.0,5.0,1,Robert T. Kiusaki,Paperback,Business & Finance,"https://www.jarir.com/cdn-cgi/image/fit=contain,width=350,height=auto,quality=85,metadata=none/https://ak-asset.jarir.com/akeneo-prod/asset/e/6/f/3/e6f368210f5b51045032371a774932eecde42d29_608932.jpg",1
كتاب الفلسفة,129.0,5.0,1,A series of big ideas is simply explained.,غلاف مقوى,Politics & Social Sciences,"https://www.jarir.com/cdn-cgi/image/fit=contain,width=350,height=auto,quality=85,metadata=none/https://ak-asset.jarir.com/akeneo-prod/asset/c/1/c/9/c1c91c6acafc6aaa0ba56610b6bfa690fcdb97e0_561985.jpg",1
المتميز في مقياس موهبة 9-10 الطبعة الخامسة,90.0,5.0,1,Ibrahim Qashir,Paperback,Education & Reference,"https://www.jarir.com/cdn-cgi/image/fit=contain,width=350,height=auto,quality=85,metadata=none/https://ak-asset.jarir.com/akeneo-prod/asset/2/2/c/0/22c02b48171d7082bb8f15641e2d78df1b415af5_638421.jpg",1
لا تصدق كل ما تفكر فيه لماذا يعد تفكيرك بدايه و نهاية المعاناة,29.0,5.0,1,Joseph Niwin.,Paperback,Self-Help & Personal Development,"https://www.jarir.com/cdn-cgi/image/fit=contain,width=350,height=auto,quality=85,metadata=none/https://ak-asset.jarir.com/akeneo-prod/asset/8/4/5/6/845682015a05076368665e197f34f5118875f4b5_620681.jpg",0
أميرات ديزني كتاب المتعة الكبير,35.0,5.0,1,Greer's library.,Paperback,Children & Young Adults,"https://www.jarir.com/cdn-cgi/image/fit=contain,width=350,height=auto,quality=85,metadata=none/https://ak-asset.jarir.com/akeneo-prod/asset/m1images/4/9/493453.jpg",1
سيكولوجية البيع زد من مبيعاتك أسرع وأسهل مما كنت تعتقد من قبل,39.0,5.0,1,Brian Tracy.,Paperback,Business & Finance,"https://www.jarir.com/cdn-cgi/image/fit=contain,width=350,height=auto,quality=85,metadata=none/https://ak-asset.jarir.com/akeneo-prod/asset/m1images/4/9/494140.jpg",1
كتاب الانشطة الكبير للبنات,45.0,5.0,1,Greer's library.,Paperback,Children & Young Adults,"https://www.jarir.com/cdn-cgi/image/fit=contain,width=350,height=auto,quality=85,metadata=none/https://ak-asset.jarir.com/akeneo-prod/asset/m1/delta/503728.jpg",1
فن قول لا كيف,27.0,5.0,1,Damon Zahariyad.,Paperback,Self-Help & Personal Development,"https://www.jarir.com/cdn-cgi/image/fit=contain,width=350,height=auto,quality=85,metadata=none/https://ak-asset.jarir.com/akeneo-prod/asset/m1images/5/3/538028.jpg",1
لا تكن لطيفا أكثر من اللازم كيف تتجنب تسعة أخطاء ضارة بك,39.0,5.0,1,Duke Robinson.,Paperback,Self-Help & Personal Development,"https://www.jarir.com/cdn-cgi/image/fit=contain,width=350,height=auto,quality=85,metadata=none/https://ak-asset.jarir.com/akeneo-prod/asset/8/1/e/4/81e434ec2e51a38f04a0f21fc0ae28cd5d817027_198814.jpg",1
مذكرة الهدوء,32.0,5.0,1,I'm Barnes.,Paperback,Self-Help & Personal Development,"https://www.jarir.com/cdn-cgi/image/fit=contain,width=350,height=auto,quality=85,metadata=none/https://ak-asset.jarir.com/akeneo-prod/asset/m1/delta/549575.jpg",0
شركاء في الجريمة,37.0,4.3,3,Agatha Christie.,Paperback,Fiction Genres,"https://www.jarir.com/cdn-cgi/image/fit=contain,width=350,height=auto,quality=85,metadata=none/https://ak-asset.jarir.com/akeneo-prod/asset/m1images/3/2/321383.jpg",1
المتميزون قصة نجاح,34.0,5.0,2,Malcolm Galadwell,Paperback,Self-Help & Personal Development,"https://www.jarir.com/cdn-cgi/image/fit=contain,width=350,height=auto,quality=85,metadata=none/https://ak-asset.jarir.com/akeneo-prod/asset/m1images/3/4/348039.jpg",0
كتاب لغة الجسد كيف تقرأ الافكار والنوايا الخفية لكل شخص,35.0,5.0,1,Marianne Carinec/Gregorje Hartley,Paperback,Self-Help & Personal Development,"https://www.jarir.com/cdn-cgi/image/fit=contain,width=350,height=auto,quality=85,metadata=none/https://ak-asset.jarir.com/akeneo-prod/asset/m1images/3/6/365509.jpeg",0
الكتاب الصغير لالعاب المخ الكبيرة,53.0,5.0,1,Ivan Mosković,Paperback,Self-Help & Personal Development,"https://www.jarir.com/cdn-cgi/image/fit=contain,width=350,height=auto,quality=85,metadata=none/https://ak-asset.jarir.com/akeneo-prod/asset/m1images/3/8/382945.jpg",1
قراءة الوجوه بسرعة ويسر,45.0,4.0,1,Richard Webster.,Paperback,Self-Help & Personal Development,"https://www.jarir.com/cdn-cgi/image/fit=contain,width=350,height=auto,quality=85,metadata=none/https://ak-asset.jarir.com/akeneo-prod/asset/m1images/4/1/410998.jpg",1
المستثمر الذكي الكتاب الشامل حول الاستثمار القائم علي مبدأ القيمة,145.0,5.0,2,Benjamin Graham.,Paperback,Business & Finance,"https://www.jarir.com/cdn-cgi/image/fit=contain,width=350,height=auto,quality=85,metadata=none/https://ak-asset.jarir.com/akeneo-prod/asset/m1images/4/2/426451.jpg",1
اللغة الانجليزية,18.0,5.0,1,Greer's library.,Paperback,Children & Young Adults,"https://www.jarir.com/cdn-cgi/image/fit=contain,width=350,height=auto,quality=85,metadata=none/https://ak-asset.jarir.com/akeneo-prod/asset/m1images/4/4/446374.jpg",1
الراهب الذي باع سيارته الفيراري قصة خيالية حول تحقيق أحلامك وبلوغ مصيرك,45.0,5.0,2,Robin Sharma.,Paperback,Self-Help & Personal Development,"https://www.jarir.com/cdn-cgi/image/fit=contain,width=350,height=auto,quality=85,metadata=none/https://ak-asset.jarir.com/akeneo-prod/asset/m1images/2/8/282871.jpg",1
تنمية العقل لسن 3 سنوات فما فوق كتاب أنشطة,18.0,5.0,1,Drum Land.,Paperback,Children & Young Adults,"https://www.jarir.com/cdn-cgi/image/fit=contain,width=350,height=auto,quality=85,metadata=none/https://ak-asset.jarir.com/akeneo-prod/asset/m1images/4/4/446376.jpg",1
أحبك يا أبي عربي انجليزي,35.0,5.0,1,Arlene.,Paperback,Children & Young Adults,"https://www.jarir.com/cdn-cgi/image/fit=contain,width=350,height=auto,quality=85,metadata=none/https://ak-asset.jarir.com/akeneo-prod/asset/m1images/4/4/446757.jpg",1
أحبك يا أمي عربي انجليزي,35.0,5.0,1,Arlene.,Paperback,Children & Young Adults,"https://www.jarir.com/cdn-cgi/image/fit=contain,width=350,height=auto,quality=85,metadata=none/https://ak-asset.jarir.com/akeneo-prod/asset/m1images/4/4/446758.jpg",1
كن الافضل في وول ستريت كيف تستخدم ما تعرفه بالفعل لتكسب مالا,59.0,5.0,1,John Rothschild/Peter Lynch,Paperback,Business & Finance,"https://www.jarir.com/cdn-cgi/image/fit=contain,width=350,height=auto,quality=85,metadata=none/https://ak-asset.jarir.com/akeneo-prod/asset/m1images/4/5/450790.jpg",1
الخمسة المشتبه بهم القرود الخمسة الصغيرة,37.0,5.0,1,Agatha Christie.,Paperback,Fiction Genres,"https://www.jarir.com/cdn-cgi/image/fit=contain,width=350,height=auto,quality=85,metadata=none/https://ak-asset.jarir.com/akeneo-prod/asset/6/5/b/4/65b468a50c818a0b3bfb60026d067153436e19dc_451326.jpg",1
كتاب التلوين للكبار تصميمات للحيوانات تساعد على التخلص من التوتر,45.0,5.0,1,Greer's library issues.,Paperback,"Arts, Crafts, & Hobbies","https://www.jarir.com/cdn-cgi/image/fit=contain,width=350,height=auto,quality=85,metadata=none/https://ak-asset.jarir.com/akeneo-prod/asset/m1images/4/5/457899.jpg",1
التلوين الباعث على السعادة والنشاط فن الوعي التام,45.0,5.0,1,Greer's library issues.,Paperback,"Arts, Crafts, & Hobbies","https://www.jarir.com/cdn-cgi/image/fit=contain,width=350,height=auto,quality=85,metadata=none/https://ak-asset.jarir.com/akeneo-prod/asset/m1images/4/5/458469.jpg",1
الالهام صفحات ابداعية من أجل الاسترخاء والاستمتاع,30.0,5.0,1,Valentina Harper.,Paperback,"Arts, Crafts, & Hobbies","https://www.jarir.com/cdn-cgi/image/fit=contain,width=350,height=auto,quality=85,metadata=none/https://ak-asset.jarir.com/akeneo-prod/asset/m1images/4/5/458848.jpg",1
مكتبتي الصغيرة حكايات البنات,59.0,5.0,1,My little library series.,Paperback,Children & Young Adults,"https://www.jarir.com/cdn-cgi/image/fit=contain,width=350,height=auto,quality=85,metadata=none/https://ak-asset.jarir.com/akeneo-prod/asset/m1images/4/6/464486.jpg",1
ارسم ولون كتاب أنشطة وتلوين ممتع,20.0,5.0,1,Greer's library.,Paperback,Children & Young Adults,"https://www.jarir.com/cdn-cgi/image/fit=contain,width=350,height=auto,quality=85,metadata=none/https://ak-asset.jarir.com/akeneo-prod/asset/m1images/4/7/477861.jpg",0
كن آمنا داخل المدرسة,19.0,0.0,0,Be safe.,كتاب فلين,Children & Young Adults,"https://www.jarir.com/cdn-cgi/image/fit=contain,width=350,height=auto,quality=85,metadata=none/https://ak-asset.jarir.com/akeneo-prod/asset/m1images/4/7/477599.jpg",1
كن آمنا داخل السوق,19.0,0.0,0,Be safe.,كتاب فلين,Children & Young Adults,"https://www.jarir.com/cdn-cgi/image/fit=contain,width=350,height=auto,quality=85,metadata=none/https://ak-asset.jarir.com/akeneo-prod/asset/m1images/4/7/477600.jpg",1
كن آمنا على الطريق,19.0,0.0,0,Be safe.,كتاب فلين,Children & Young Adults,"https://www.jarir.com/cdn-cgi/image/fit=contain,width=350,height=auto,quality=85,metadata=none/https://ak-asset.jarir.com/akeneo-prod/asset/m1images/4/7/477602.jpg",1
لماذا أسئلة يطرحها الاطفال,35.0,0.0,0,Greer's library.,غلاف مقوى,Children & Young Adults,"https://www.jarir.com/cdn-cgi/image/fit=contain,width=350,height=auto,quality=85,metadata=none/https://ak-asset.jarir.com/akeneo-prod/asset/m1images/4/7/477604.jpg",1
قصص يتشارك الاطفال في قرائتها 5 حكايات للمتعة,39.0,0.0,0,5 tales of joy,غلاف مقوى,Children & Young Adults,"https://www.jarir.com/cdn-cgi/image/fit=contain,width=350,height=auto,quality=85,metadata=none/https://ak-asset.jarir.com/akeneo-prod/asset/m1images/4/7/478141.jpg",0
قوة الثقة بالنفس كيف تصبح شخصا شجاعا لا يمكن ايقافه,50.0,0.0,0,Brian Tracy.,غلاف مقوى,Self-Help & Personal Development,"https://www.jarir.com/cdn-cgi/image/fit=contain,width=350,height=auto,quality=85,metadata=none/https://ak-asset.jarir.com/akeneo-prod/asset/m1images/4/7/476108.jpg",1
حكايات لخمس دقائق قصص وقت النوم كنز مكون من 5 قصص يجب مشاركتها,25.0,0.0,0,Five-minute story series.,غلاف مقوى,Children & Young Adults,"https://www.jarir.com/cdn-cgi/image/fit=contain,width=350,height=auto,quality=85,metadata=none/https://ak-asset.jarir.com/akeneo-prod/asset/m1/delta/504088.jpg",1
16 قصة أخلاقية رائعة الجزء الاول,45.0,0.0,0,Greer's library.,غلاف مقوى,Children & Young Adults,"https://www.jarir.com/cdn-cgi/image/fit=contain,width=350,height=auto,quality=85,metadata=none/https://ak-asset.jarir.com/akeneo-prod/asset/m1/delta/504108.jpg",1
16 قصة أخلاقية رائعة الجزء الثاني,45.0,0.0,0,Greer's library.,غلاف مقوى,Children & Young Adults,"https://www.jarir.com/cdn-cgi/image/fit=contain,width=350,height=auto,quality=85,metadata=none/https://ak-asset.jarir.com/akeneo-prod/asset/m1/delta/504111.jpg",1
حكايات جحا,49.0,0.0,0,Greer's library.,غلاف مقوى,Children & Young Adults,"https://www.jarir.com/cdn-cgi/image/fit=contain,width=350,height=auto,quality=85,metadata=none/https://ak-asset.jarir.com/akeneo-prod/asset/m1/delta/502664.jpg",1
365 قصة للبنات,49.0,0.0,0,Greer's library.,غلاف مقوى,Children & Young Adults,"https://www.jarir.com/cdn-cgi/image/fit=contain,width=350,height=auto,quality=85,metadata=none/https://ak-asset.jarir.com/akeneo-prod/asset/m1/delta/502670.jpg",1
ديزني ملكة الثلج 5 دقائق من كنز الحكايات,29.0,0.0,0,Greer's library.,غلاف مقوى,Children & Young Adults,"https://www.jarir.com/cdn-cgi/image/fit=contain,width=350,height=auto,quality=85,metadata=none/https://ak-asset.jarir.com/akeneo-prod/asset/m1images/4/9/493440.jpg",1
صوفيا تصبح أميرة مجموعة قصص قصيرة,35.0,0.0,0,Greer's library.,غلاف مقوى,Children & Young Adults,"https://www.jarir.com/cdn-cgi/image/fit=contain,width=350,height=auto,quality=85,metadata=none/https://ak-asset.jarir.com/akeneo-prod/asset/m1images/4/9/493445.jpg",1
أميرات ديزني 5 دقائق من كنز الحكايات,39.0,0.0,0,Greer's library.,غلاف مقوى,Children & Young Adults,"https://www.jarir.com/cdn-cgi/image/fit=contain,width=350,height=auto,quality=85,metadata=none/https://ak-asset.jarir.com/akeneo-prod/asset/m1images/4/9/493448.jpg",1
ديزني بيكسار مجموعة قصص قصيرة,35.0,0.0,0,Greer's library.,غلاف مقوى,Children & Young Adults,"https://www.jarir.com/cdn-cgi/image/fit=contain,width=350,height=auto,quality=85,metadata=none/https://ak-asset.jarir.com/akeneo-prod/asset/m1images/4/9/493454.jpg",1
ديزني ملكة الثلج فروزن محموعة قصص قصيرة,35.0,0.0,0,Greer's library.,غلاف مقوى,Children & Young Adults,"https://www.jarir.com/cdn-cgi/image/fit=contain,width=350,height=auto,quality=85,metadata=none/https://ak-asset.jarir.com/akeneo-prod/asset/m1images/4/9/493457.jpg",1
اصنع ديناصورك مليء بحقائق الديناصورات الشرسة,25.0,5.0,1,Greer's library.,غلاف مقوى,Children & Young Adults,"https://www.jarir.com/cdn-cgi/image/fit=contain,width=350,height=auto,quality=85,metadata=none/https://ak-asset.jarir.com/akeneo-prod/asset/m1images/5/1/518191.jpg",1
1001 شيء للبحث عنها القراصنة,30.0,0.0,0,1001 things to look for.,غلاف مقوى,Children & Young Adults,"https://www.jarir.com/cdn-cgi/image/fit=contain,width=350,height=auto,quality=85,metadata=none/https://ak-asset.jarir.com/akeneo-prod/asset/m1images/5/1/518206.jpg",1
1001 شيء للبحث عنها لاعبة الاستعراض,30.0,0.0,0,1001 things to look for.,غلاف مقوى,Children & Young Adults,"https://www.jarir.com/cdn-cgi/image/fit=contain,width=350,height=auto,quality=85,metadata=none/https://ak-asset.jarir.com/akeneo-prod/asset/m1images/5/1/518207.jpg",1
1001 شيء للبحث عنها مدرسة المسرح,30.0,0.0,0,1001 things to look for.,غلاف مقوى,Children & Young Adults,"https://www.jarir.com/cdn-cgi/image/fit=contain,width=350,height=auto,quality=85,metadata=none/https://ak-asset.jarir.com/akeneo-prod/asset/m1images/5/1/518209.jpg",1
حكايات الخمس دقائق حكايات عن الخيول,25.0,0.0,0,Five-minute story series,غلاف مقوى,Children & Young Adults,"https://www.jarir.com/cdn-cgi/image/fit=contain,width=350,height=auto,quality=85,metadata=none/https://ak-asset.jarir.com/akeneo-prod/asset/m1images/5/1/518210.jpg",1
حكايات الخمس دقائق حكايات عن الارانب,25.0,0.0,0,Five-minute story series,غلاف مقوى,Children & Young Adults,"https://www.jarir.com/cdn-cgi/image/fit=contain,width=350,height=auto,quality=85,metadata=none/https://ak-asset.jarir.com/akeneo-prod/asset/m1images/5/1/518211.jpg",1
حكايات الخمس دقائق حكايات عن الكلاب,15.0,0.0,0,Five-minute story series,غلاف مقوى,Children & Young Adults,"https://www.jarir.com/cdn-cgi/image/fit=contain,width=350,height=auto,quality=85,metadata=none/https://ak-asset.jarir.com/akeneo-prod/asset/m1images/5/1/518212.jpg",1
حكايات الخمس دقائق حكايات عن القطط,25.0,0.0,0,Five-minute story series,غلاف مقوى,Children & Young Adults,"https://www.jarir.com/cdn-cgi/image/fit=contain,width=350,height=auto,quality=85,metadata=none/https://ak-asset.jarir.com/akeneo-prod/asset/m1images/5/1/518213.jpg",1
ملكة الثلج فروزن مجموعة قصصية,36.0,0.0,0,Disney.,غلاف مقوى,Children & Young Adults,"https://www.jarir.com/cdn-cgi/image/fit=contain,width=350,height=auto,quality=85,metadata=none/https://ak-asset.jarir.com/akeneo-prod/asset/m1images/5/2/521414.jpg",1
365 سؤالا واجابة مدهشة,46.0,0.0,0,Greer's library.,غلاف مقوى,Children & Young Adults,"https://www.jarir.com/cdn-cgi/image/fit=contain,width=350,height=auto,quality=85,metadata=none/https://ak-asset.jarir.com/akeneo-prod/asset/m1images/5/2/522840.jpg",1
حكايات ايسوب اكتشف عالم حكايات الحيوانات العجيب,19.0,0.0,0,Find out the world of wonder animal stories.,غلاف مقوى,Children & Young Adults,"https://www.jarir.com/cdn-cgi/image/fit=contain,width=350,height=auto,quality=85,metadata=none/https://ak-asset.jarir.com/akeneo-prod/asset/m1images/3/4/346666.jpg",1
العب وتعلم الارقام,25.0,0.0,0,Play chain and learn.,غلاف مقوى,Children & Young Adults,"https://www.jarir.com/cdn-cgi/image/fit=contain,width=350,height=auto,quality=85,metadata=none/https://ak-asset.jarir.com/akeneo-prod/asset/m1images/3/5/357966.jpg",1
كتابى الكبير للكلمات يحوي ما يزيد على 1000 كلمة بسيطة للاطفال,35.0,0.0,0,Unknown,كتاب مقوى,Children & Young Adults,"https://www.jarir.com/cdn-cgi/image/fit=contain,width=350,height=auto,quality=85,metadata=none/https://ak-asset.jarir.com/akeneo-prod/asset/m1images/3/5/358317.jpg",1
صوفي والقصيدة المثالية العادات 7 للاطفال السعداء العادة 6,9.0,0.0,0,Shawn Kofi,غلاف مقوى,Children & Young Adults,"https://www.jarir.com/cdn-cgi/image/fit=contain,width=350,height=auto,quality=85,metadata=none/https://ak-asset.jarir.com/akeneo-prod/asset/m1images/5/1/517285.jpg",1
تعلم الانجليزية في 1000 كلمة,35.0,0.0,0,I'm Serena Fard.,غلاف مقوى,Children & Young Adults,"https://www.jarir.com/cdn-cgi/image/fit=contain,width=350,height=auto,quality=85,metadata=none/https://ak-asset.jarir.com/akeneo-prod/asset/m1images/3/3/330695.jpg",1
جوجو وفطيرة الجوز العادات 7 للاطفال السعداء العادة 4,9.0,0.0,0,Shawn Kofi,غلاف مقوى,Children & Young Adults,"https://www.jarir.com/cdn-cgi/image/fit=contain,width=350,height=auto,quality=85,metadata=none/https://ak-asset.jarir.com/akeneo-prod/asset/m1images/5/1/517287.jpg",1
365 حكاية,49.0,0.0,0,365 tale series,غلاف مقوى,Children & Young Adults,"https://www.jarir.com/cdn-cgi/image/fit=contain,width=350,height=auto,quality=85,metadata=none/https://ak-asset.jarir.com/akeneo-prod/asset/m1images/3/3/334983.jpg",1
ليلي والبسكويت المقزز العادات 7 للاطفال السعداء العادة 5,9.0,0.0,0,Shawn Kofi,غلاف مقوى,Children & Young Adults,"https://www.jarir.com/cdn-cgi/image/fit=contain,width=350,height=auto,quality=85,metadata=none/https://ak-asset.jarir.com/akeneo-prod/asset/m1images/5/1/517289.jpg",1
أفضل 365 حكاية,49.0,0.0,0,356 tale series,غلاف مقوى,Children & Young Adults,"https://www.jarir.com/cdn-cgi/image/fit=contain,width=350,height=auto,quality=85,metadata=none/https://ak-asset.jarir.com/akeneo-prod/asset/m1images/3/3/334984.jpg",1
الدب جوب وجده العادات 7 للاطفال السعداء العادة 7,9.0,0.0,0,Shawn Kofi,غلاف مقوى,Children & Young Adults,"https://www.jarir.com/cdn-cgi/image/fit=contain,width=350,height=auto,quality=85,metadata=none/https://ak-asset.jarir.com/akeneo-prod/asset/m1images/5/1/517291.jpg",1
قاموس الاطفال المصور 2000 كلمة للاطفال من سن سبع سنوات الى ثماني سنوات,49.0,0.0,0,Sonal Bharara.,غلاف مقوى,Children & Young Adults,"https://www.jarir.com/cdn-cgi/image/fit=contain,width=350,height=auto,quality=85,metadata=none/https://ak-asset.jarir.com/akeneo-prod/asset/m1images/3/5/352641.jpg",1
أنا أحب حيوانات المزرعة,25.0,0.0,0,Unknown,كتاب مقوى,Children & Young Adults,"https://www.jarir.com/cdn-cgi/image/fit=contain,width=350,height=auto,quality=85,metadata=none/https://ak-asset.jarir.com/akeneo-prod/asset/m1images/3/4/341792.jpg",1
أنا أحب الحيوانات البرية,25.0,0.0,0,Unknown,كتاب مقوى,Children & Young Adults,"https://www.jarir.com/cdn-cgi/image/fit=contain,width=350,height=auto,quality=85,metadata=none/https://ak-asset.jarir.com/akeneo-prod/asset/m1images/3/4/341793.jpg",1
المس واستشعر الحيوانات من حولنا,29.0,0.0,0,The chain of my best friends.,غلاف مقوى,Children & Young Adults,"https://www.jarir.com/cdn-cgi/image/fit=contain,width=350,height=auto,quality=85,metadata=none/https://ak-asset.jarir.com/akeneo-prod/asset/m1images/3/6/360461.jpg",1
المس واستشعر صغار الحيوانات,29.0,0.0,0,The chain of my best friends.,غلاف مقوى,Children & Young Adults,"https://www.jarir.com/cdn-cgi/image/fit=contain,width=350,height=auto,quality=85,metadata=none/https://ak-asset.jarir.com/akeneo-prod/asset/m1images/3/6/360462.jpg",1
المس واستشعر حيوانات المزرعة,29.0,0.0,0,The chain of my best friends.,غلاف مقوى,Children & Young Adults,"https://www.jarir.com/cdn-cgi/image/fit=contain,width=350,height=auto,quality=85,metadata=none/https://ak-asset.jarir.com/akeneo-prod/asset/m1images/3/6/360463.jpg",1
المس واستشعر الحيوانات البرية,29.0,0.0,0,The chain of my best friends.,غلاف مقوى,Children & Young Adults,"https://www.jarir.com/cdn-cgi/image/fit=contain,width=350,height=auto,quality=85,metadata=none/https://ak-asset.jarir.com/akeneo-prod/asset/m1images/3/6/360464.jpg",1
من أنا ؟ القطة,25.0,0.0,0,A series of me.,كتاب فلين,Children & Young Adults,"https://www.jarir.com/cdn-cgi/image/fit=contain,width=350,height=auto,quality=85,metadata=none/https://ak-asset.jarir.com/akeneo-prod/asset/m1images/3/6/362138.jpg",1
من أنا ؟ الاسد,25.0,0.0,0,A series of me.,كتاب فلين,Children & Young Adults,"https://www.jarir.com/cdn-cgi/image/fit=contain,width=350,height=auto,quality=85,metadata=none/https://ak-asset.jarir.com/akeneo-prod/asset/m1images/3/6/362139.jpg",1
مغامرات القطة قطقوطة,25.0,0.0,0,Small animal story series,كتاب فلين,Children & Young Adults,"https://www.jarir.com/cdn-cgi/image/fit=contain,width=350,height=auto,quality=85,metadata=none/https://ak-asset.jarir.com/akeneo-prod/asset/m1images/3/6/362141.jpg",1
مغامرات البطة بطوطة,25.0,0.0,0,Small animal story series,كتاب فلين,Children & Young Adults,"https://www.jarir.com/cdn-cgi/image/fit=contain,width=350,height=auto,quality=85,metadata=none/https://ak-asset.jarir.com/akeneo-prod/asset/m1images/3/6/362143.jpg",1
يوم ممتع في المدرسة,22.0,0.0,0,Quarter.,كتاب مقوى,Children & Young Adults,"https://www.jarir.com/cdn-cgi/image/fit=contain,width=350,height=auto,quality=85,metadata=none/https://ak-asset.jarir.com/akeneo-prod/asset/m1images/3/9/392269.jpg",1
يوم ممتع في المنزل,22.0,0.0,0,Quarter.,كتاب مقوى,Children & Young Adults,"https://www.jarir.com/cdn-cgi/image/fit=contain,width=350,height=auto,quality=85,metadata=none/https://ak-asset.jarir.com/akeneo-prod/asset/m1images/3/9/392271.jpg",1
أفضل قصص من مزرعة الحيوانات,46.0,0.0,0,I'm Cassales.,كتاب مقوى,Children & Young Adults,"https://www.jarir.com/cdn-cgi/image/fit=contain,width=350,height=auto,quality=85,metadata=none/https://ak-asset.jarir.com/akeneo-prod/asset/m1images/3/9/392327.jpg",1
سندريلا,28.0,0.0,0,Global story series,غلاف مقوى,Children & Young Adults,"https://www.jarir.com/cdn-cgi/image/fit=contain,width=350,height=auto,quality=85,metadata=none/https://ak-asset.jarir.com/akeneo-prod/asset/m1images/2/6/266757.jpg",1
ذات الرداء الاحمر,30.0,0.0,0,Global story series,غلاف مقوى,Children & Young Adults,"https://www.jarir.com/cdn-cgi/image/fit=contain,width=350,height=auto,quality=85,metadata=none/https://ak-asset.jarir.com/akeneo-prod/asset/m1images/2/6/266766.jpg",1
قصص خيالية سندريلا,15.0,0.0,0,A series of fictional stories.,كتاب مقوى,Children & Young Adults,"https://www.jarir.com/cdn-cgi/image/fit=contain,width=350,height=auto,quality=85,metadata=none/https://ak-asset.jarir.com/akeneo-prod/asset/m1images/4/2/420460.jpg",1
قصص خيالية سنووايت,15.0,0.0,0,A series of fictional stories.,كتاب مقوى,Children & Young Adults,"https://www.jarir.com/cdn-cgi/image/fit=contain,width=350,height=auto,quality=85,metadata=none/https://ak-asset.jarir.com/akeneo-prod/asset/m1images/4/2/420461.jpg",1
قصص خيالية ذات الرداء الاحمر,15.0,0.0,0,A series of fictional stories.,كتاب مقوى,Children & Young Adults,"https://www.jarir.com/cdn-cgi/image/fit=contain,width=350,height=auto,quality=85,metadata=none/https://ak-asset.jarir.com/akeneo-prod/asset/m1images/4/2/420462.jpg",1
(ما الصوت؟ المزرعة (كتاب صوتي,45.0,0.0,0,A chain of sound.,كتاب مقوى,Children & Young Adults,"https://www.jarir.com/cdn-cgi/image/fit=contain,width=350,height=auto,quality=85,metadata=none/https://ak-asset.jarir.com/akeneo-prod/asset/m1images/4/2/420547.jpg",1
(ما الصوت؟ فرووم (كتاب صوتي,45.0,0.0,0,A chain of sound.,كتاب مقوى,Children & Young Adults,"https://www.jarir.com/cdn-cgi/image/fit=contain,width=350,height=auto,quality=85,metadata=none/https://ak-asset.jarir.com/akeneo-prod/asset/m1images/4/2/420548.jpg",1
لوسي,23.0,0.0,0,Unknown,كتاب فلين,Children & Young Adults,"https://www.jarir.com/cdn-cgi/image/fit=contain,width=350,height=auto,quality=85,metadata=none/https://ak-asset.jarir.com/akeneo-prod/asset/m1images/4/2/420747.jpg",1
200 كلمة لمساعدتك على التحدث عن علم النفس,32.0,0.0,0,Michael Brettt.,Paperback,Politics & Social Sciences,"https://www.jarir.com/cdn-cgi/image/fit=contain,width=350,height=auto,quality=85,metadata=none/https://ak-asset.jarir.com/akeneo-prod/asset/0/9/d/8/09d8de4f65baa8be30907e0e7e834541bd13f099_620648.jpg",0
كتابي الاول البحث والاستكشاف كتاب صوتي الحيوانات,69.0,0.0,0,Greer's library issues.,غلاف مقوى,Children & Young Adults,"https://www.jarir.com/cdn-cgi/image/fit=contain,width=350,height=auto,quality=85,metadata=none/https://ak-asset.jarir.com/akeneo-prod/asset/c/9/5/1/c9519512526d4f35e30431e858bed065754d4489_619411.jpg",1
كتابي الاول البحث والاستكشاف كتاب صوتي يومي الحافل,69.0,0.0,0,Greer's library issues.,غلاف مقوى,Children & Young Adults,"https://www.jarir.com/cdn-cgi/image/fit=contain,width=350,height=auto,quality=85,metadata=none/https://ak-asset.jarir.com/akeneo-prod/asset/e/e/2/6/ee26395e8d257269fd6fba5c8ff06bf9acc085d8_619412.jpg",1
كيف تؤثر على الاخرين وتكسب الاصدقاء الكتاب الوحيد الذي يمكنه أن يقودك الى النجاح,35.0,0.0,0,Del Carnegie.,Paperback,Self-Help & Personal Development,"https://www.jarir.com/cdn-cgi/image/fit=contain,width=350,height=auto,quality=85,metadata=none/https://ak-asset.jarir.com/akeneo-prod/asset/9/9/8/c/998c52761d9f1d2407a0d46fe235308da8254ab6_620022.jpg",0
سلسلة مواقف يومية 8 مواقف يتعرض لها الطفل يوميا 1/8 فى علبة,49.0,0.0,0,Greer's library.,Paperback,Children & Young Adults,"https://www.jarir.com/cdn-cgi/image/fit=contain,width=350,height=auto,quality=85,metadata=none/https://ak-asset.jarir.com/akeneo-prod/asset/8/8/e/0/88e00b6d7308fd05403944fc2969cdc55a528606_623103.jpg",1
المتميز في مقياس موهبة 3-4-5 الطبعة الخامسة,90.0,0.0,0,Ibrahim Qashir,Paperback,Education & Reference,"https://www.jarir.com/cdn-cgi/image/fit=contain,width=350,height=auto,quality=85,metadata=none/https://ak-asset.jarir.com/akeneo-prod/asset/3/d/f/8/3df8719bd0683178d3888a103a406a16c29b7a45_636002.jpg",1
المتميز في مقياس موهبة 6-7-8 لاختبار القدرات العقلية المتعددة الطبعة الخامسة,90.0,0.0,0,Ibrahim Qashir,Paperback,Education & Reference,"https://www.jarir.com/cdn-cgi/image/fit=contain,width=350,height=auto,quality=85,metadata=none/https://ak-asset.jarir.com/akeneo-prod/asset/f/8/9/0/f8900103ab1af7ebfc15d0bd09c90aa770bee863_642428.jpg",1
حصن المسلم صغير,2.0,0.0,0,Happy to give me a shot.,Paperback,Religion & Spirituality,"https://www.jarir.com/cdn-cgi/image/fit=contain,width=350,height=auto,quality=85,metadata=none/https://ak-asset.jarir.com/akeneo-prod/asset/4/f/e/0/4fe03f505ddbc6ed0db69867b345da66d593361c_632200.jpg",1
حكايات 5 دقائق قصص ما قبل المدرسة,25.0,0.0,0,5 minutes story series,غلاف مقوى,Children & Young Adults,"https://www.jarir.com/cdn-cgi/image/fit=contain,width=350,height=auto,quality=85,metadata=none/https://ak-asset.jarir.com/akeneo-prod/asset/m1/delta/549591.jpg",1
5 دقائق من حكايات قبل النوم,35.0,0.0,0,5 minutes series of stories.,غلاف مقوى,Children & Young Adults,"https://www.jarir.com/cdn-cgi/image/fit=contain,width=350,height=auto,quality=85,metadata=none/https://ak-asset.jarir.com/akeneo-prod/asset/m1/delta/545245.jpg",1
فروزن 2 ملكة الثلج طبعة بلاتينية,29.0,0.0,0,Disney.,غلاف مقوى,Children & Young Adults,"https://www.jarir.com/cdn-cgi/image/fit=contain,width=350,height=auto,quality=85,metadata=none/https://ak-asset.jarir.com/akeneo-prod/asset/m1/delta/538597.jpg",1
جوهر الحياة كلمات ملهمة,19.0,0.0,0,Stefano Ajabio,غلاف مقوى,Self-Help & Personal Development,"https://www.jarir.com/cdn-cgi/image/fit=contain,width=350,height=auto,quality=85,metadata=none/https://ak-asset.jarir.com/akeneo-prod/asset/m1images/5/3/532610.jpg",1
تعلم كتابة جدول الضرب اكتب وامسح مع قلم,22.0,0.0,0,Learning series written,كتاب مقوى,Children & Young Adults,"https://www.jarir.com/cdn-cgi/image/fit=contain,width=350,height=auto,quality=85,metadata=none/https://ak-asset.jarir.com/akeneo-prod/asset/m1/delta/550706.jpg",1
تعلم كتابة الحروف الابجدية الكبيرة اكتب وامسح مع قلم,22.0,0.0,0,Learning series written,كتاب مقوى,Children & Young Adults,"https://www.jarir.com/cdn-cgi/image/fit=contain,width=350,height=auto,quality=85,metadata=none/https://ak-asset.jarir.com/akeneo-prod/asset/m1/delta/550707.jpg",1
جثة في المكتبة روايات مصورة,37.0,5.0,2,Agatha Christie.,غلاف مقوى,Fiction Genres,"https://www.jarir.com/cdn-cgi/image/fit=contain,width=350,height=auto,quality=85,metadata=none/https://ak-asset.jarir.com/akeneo-prod/asset/a/1/6/c/a16c9cafd793873d1d64debf72fa8e0e69348cc7_560527.jpg",1
متعلق العلم الجديد لتعلق البالغين وكيف يستطيع مساعدتك في العثور على الحب والحفاظ عليه,46.0,0.0,0,"Rachel SF Heller, Prince of Levin.",Paperback,Self-Help & Personal Development,"https://www.jarir.com/cdn-cgi/image/fit=contain,width=350,height=auto,quality=85,metadata=none/https://ak-asset.jarir.com/akeneo-prod/asset/e/7/8/e/e78ea8299a16bdfc321f8a4bcd85f9f4f3701b5b_563071.jpg",1
مكتبتي الصغيرة الاميرات,59.0,0.0,0,The princess chain.,غلاف مقوى,Children & Young Adults,"https://www.jarir.com/cdn-cgi/image/fit=contain,width=350,height=auto,quality=85,metadata=none/https://ak-asset.jarir.com/akeneo-prod/asset/5/c/5/7/5c5740b1ae5e3c99265c847b9dbcbb32b407d94b_561533.jpg",1
العادات السبع بايجاز حكمة خالدة لعالم سريع التغير,29.0,0.0,0,Steven R. Kofi,Paperback,Self-Help & Personal Development,"https://www.jarir.com/cdn-cgi/image/fit=contain,width=350,height=auto,quality=85,metadata=none/https://ak-asset.jarir.com/akeneo-prod/asset/3/1/7/1/3171c244252d17f077120f74f1b96732dc46fd98_558808.jpg",1
ازالة القلق علم جديد يظهر كيفية كسر حلقات القلق والخوف لعلاج عقلك,69.0,0.0,0,Goodson Broyer.,غلاف مقوى,Self-Help & Personal Development,"https://www.jarir.com/cdn-cgi/image/fit=contain,width=350,height=auto,quality=85,metadata=none/https://ak-asset.jarir.com/akeneo-prod/asset/5/2/7/9/527914e3a806948dbdb7fb4642f1aa2ba9c1a773_567731.jpg",0
101 مبادىء الفلسفة,59.0,0.0,0,Paul Clinman.,غلاف مقوى,Politics & Social Sciences,"https://www.jarir.com/cdn-cgi/image/fit=contain,width=350,height=auto,quality=85,metadata=none/https://ak-asset.jarir.com/akeneo-prod/asset/6/5/7/f/657f1e1c5cd723873cce786e33ae643019073ff6_567739.jpg",1
يحب الاطفال الكلمة وعكسها,25.0,0.0,0,A chain likes kids.,غلاف مقوى,Children & Young Adults,"https://www.jarir.com/cdn-cgi/image/fit=contain,width=350,height=auto,quality=85,metadata=none/https://ak-asset.jarir.com/akeneo-prod/asset/m1images/5/2/526714.jpg",1
يحب الاطفال الالوان,25.0,0.0,0,A chain likes kids.,غلاف مقوى,Children & Young Adults,"https://www.jarir.com/cdn-cgi/image/fit=contain,width=350,height=auto,quality=85,metadata=none/https://ak-asset.jarir.com/akeneo-prod/asset/m1images/5/2/526716.jpg",0
علاقة العقل بالامعاء كيف يؤثر الحوار الخفي داخل اجسامنا في حالتنا المزاجية وخياراتنا و صحتنا ككل,58.0,5.0,1,"Two things, Meyer.",غلاف مقوى,Health & Fitness,"https://www.jarir.com/cdn-cgi/image/fit=contain,width=350,height=auto,quality=85,metadata=none/https://ak-asset.jarir.com/akeneo-prod/asset/m1/delta/529201.jpg",1
كنزي الاول من قصص الجميلات,43.0,0.0,0,Kensi's first chain.,غلاف مقوى,Children & Young Adults,"https://www.jarir.com/cdn-cgi/image/fit=contain,width=350,height=auto,quality=85,metadata=none/https://ak-asset.jarir.com/akeneo-prod/asset/m1images/5/2/524992.jpg",1
كتابي الاول من قصص الحيوانات,29.0,0.0,0,My first book series.,غلاف مقوى,Children & Young Adults,"https://www.jarir.com/cdn-cgi/image/fit=contain,width=350,height=auto,quality=85,metadata=none/https://ak-asset.jarir.com/akeneo-prod/asset/m1images/5/2/524993.jpg",1
كنزي الاول من قصص وقت النوم,43.0,0.0,0,Kensi's first chain.,غلاف مقوى,Children & Young Adults,"https://www.jarir.com/cdn-cgi/image/fit=contain,width=350,height=auto,quality=85,metadata=none/https://ak-asset.jarir.com/akeneo-prod/asset/m1images/5/2/524995.jpg",1
حكايات للاطفال في سن 2 عامين حكايات رائعة للاطفال,25.0,0.0,0,Greer's library issues.,غلاف مقوى,Children & Young Adults,"https://www.jarir.com/cdn-cgi/image/fit=contain,width=350,height=auto,quality=85,metadata=none/https://ak-asset.jarir.com/akeneo-prod/asset/m1images/4/6/464465.jpg",1
حكايات للبنات في سن عام قصص رائعة للبنات الصغيرات,25.0,0.0,0,Unknown,غلاف مقوى,Children & Young Adults,"https://www.jarir.com/cdn-cgi/image/fit=contain,width=350,height=auto,quality=85,metadata=none/https://ak-asset.jarir.com/akeneo-prod/asset/m1images/4/6/464466.jpg",1
حكايات للبنات في سن عامين قصص رائعة للبنات الصغيرات,25.0,0.0,0,Unknown,غلاف مقوى,Children & Young Adults,"https://www.jarir.com/cdn-cgi/image/fit=contain,width=350,height=auto,quality=85,metadata=none/https://ak-asset.jarir.com/akeneo-prod/asset/m1images/4/6/464467.jpg",1
كنزي من حكايات وقت الراحة مجموعة رائعة من القصص اللطيفة لوقت النوم,39.0,0.0,0,Unknown,غلاف مقوى,Children & Young Adults,"https://www.jarir.com/cdn-cgi/image/fit=contain,width=350,height=auto,quality=85,metadata=none/https://ak-asset.jarir.com/akeneo-prod/asset/m1images/4/6/464472.jpg",1
1001 شيء للبحث عنها الاميرات اعثري على 12 مفتاحا ذهبيا في المملكة,30.0,5.0,1,Greer's library issues.,غلاف مقوى,Children & Young Adults,"https://www.jarir.com/cdn-cgi/image/fit=contain,width=350,height=auto,quality=85,metadata=none/https://ak-asset.jarir.com/akeneo-prod/asset/m1images/4/6/464481.jpg",1
الادارة مكتبة براين تراسي للنجاح,27.0,0.0,0,Brian Tracy.,غلاف مقوى,Business & Finance,"https://www.jarir.com/cdn-cgi/image/fit=contain,width=350,height=auto,quality=85,metadata=none/https://ak-asset.jarir.com/akeneo-prod/asset/m1images/4/6/465329.jpg",1
A Good Girl's Guide to Murder,49.0,4.9,22,Holly Jackson,Paperback,Fiction Genres,"https://www.jarir.com/cdn-cgi/image/fit=contain,width=350,height=auto,quality=85,metadata=none/https://ak-asset.jarir.com/akeneo-prod/asset/1/e/e/0/1ee09ec030b8bf1292397dad15905b78f2405a4e_546306.jpg",1
The Housemaid's Secret - This Perfect Home Has One Rule. Don't Look Behind Closed Doors.,69.0,0.0,0,Freida McFadden,Paperback,Fiction Genres,"https://www.jarir.com/cdn-cgi/image/fit=contain,width=350,height=auto,quality=85,metadata=none/https://ak-asset.jarir.com/akeneo-prod/asset/d/7/b/7/d7b73287d9e877a403222d348669c8c0163eb6a8_620418.jpg",1
The Fury - There were Seven of Us on The Island. One of Us was a Murderer...,69.0,0.0,0,Alexide s,Paperback,Fiction Genres,"https://www.jarir.com/cdn-cgi/image/fit=contain,width=350,height=auto,quality=85,metadata=none/https://ak-asset.jarir.com/akeneo-prod/asset/4/e/a/d/4eadd41f82ee18ef8de81686bb17e2032d331327_627725.jpg",1
The Unfortunate Side Effects of Heartbreak and Magic - A Novel,59.0,0.0,0,Breanne Randall,Paperback,Fiction Genres,"https://www.jarir.com/cdn-cgi/image/fit=contain,width=350,height=auto,quality=85,metadata=none/https://ak-asset.jarir.com/akeneo-prod/asset/0/8/5/3/0853840026abfc5adf63e69dc47b2e4026886249_628356.jpg",1
Emily Wilde's Encyclopaedia of Faeries,49.0,0.0,0,Heather Fawc e t t,Paperback,Fiction Genres,"https://www.jarir.com/cdn-cgi/image/fit=contain,width=350,height=auto,quality=85,metadata=none/https://ak-asset.jarir.com/akeneo-prod/asset/9/5/a/e/95ae216596cc4208be681633436e5e5f0068071f_631862.jpg",1
The Coworker - You See Her Everyday,59.0,0.0,0,Freida McFadden,Paperback,Fiction Genres,"https://www.jarir.com/cdn-cgi/image/fit=contain,width=350,height=auto,quality=85,metadata=none/https://ak-asset.jarir.com/akeneo-prod/asset/e/f/d/e/efdeb7bf689da620fb5f36fdb09530b836d231f8_632504.jpg",1
Psychology of Money - Timeless Lesson on Wealth,79.0,0.0,0,Morgan Housel,Paperback,Business & Finance,"https://www.jarir.com/cdn-cgi/image/fit=contain,width=350,height=auto,quality=85,metadata=none/https://ak-asset.jarir.com/akeneo-prod/asset/m1/delta/563138.jpg",1
Dune,59.0,5.0,1,Frank Herbe r t,Paperback,Fiction Genres,"https://www.jarir.com/cdn-cgi/image/fit=contain,width=350,height=auto,quality=85,metadata=none/https://ak-asset.jarir.com/akeneo-prod/asset/m1/delta/559663.jpg",1
Rich Dad Poor Dad,49.0,0.0,0,Robert Kiyosaki,Paperback,Business & Finance,"https://www.jarir.com/cdn-cgi/image/fit=contain,width=350,height=auto,quality=85,metadata=none/https://ak-asset.jarir.com/akeneo-prod/asset/1/c/b/7/1cb754763fb1d5badbcd73e5ec4e47b5257b69f5_581225.jpg",1
The Final Gambit,55.0,0.0,0,Jennifer Lynn Barne s,Paperback,Fiction Genres,"https://www.jarir.com/cdn-cgi/image/fit=contain,width=350,height=auto,quality=85,metadata=none/https://ak-asset.jarir.com/akeneo-prod/asset/f/e/2/c/fe2c2f711fc88a5a48a1cc60b98cf1932b9be728_593388.jpg",1
