Unnamed: 0,Title,Price,Rating,Num Of Reviews,Author,Book Type,Genre,Cover Image
1.0,يقولون الاولين,3,5.0,0.00905,Walid Al-Anazi,Paperback,Fiction Genres,"https://www.jarir.com/cdn-cgi/image/fit=contain,width=350,height=auto,quality=85,metadata=none/https://ak-asset.jarir.com/akeneo-prod/asset/1/e/7/6/1e761c6ed4a5cad1a91dce3300843b80c41fba37_643542.jpg"
2.0,صفحة واحدة في المرة رفيق مبدع يومي,3,4.5,0.00459,Adam J. Kertz.,Paperback,Self-Help & Personal Development,"https://www.jarir.com/cdn-cgi/image/fit=contain,width=350,height=auto,quality=85,metadata=none/https://ak-asset.jarir.com/akeneo-prod/asset/m1images/4/6/462372.jpg"
3.0,المعاصر 9 تأسيس كمي ورقمي ومحوسب مع بنك المحوسب الجديد 80 اصدار,4,4.7,0.0036,Imad Al-Zarri,Paperback,Education & Reference,"https://www.jarir.com/cdn-cgi/image/fit=contain,width=350,height=auto,quality=85,metadata=none/https://ak-asset.jarir.com/akeneo-prod/asset/f/e/8/3/fe8352d1794102cd8bee79a01b577b1f82c2036c_641633.jpg"
4.0,الاب الغني الاب الفقير ما يعلمه الاثرياء ولا يعلمه الفقراء,4,5.0,0.00298,Robert T. Kiusaki,Paperback,Business & Finance,"https://www.jarir.com/cdn-cgi/image/fit=contain,width=350,height=auto,quality=85,metadata=none/https://ak-asset.jarir.com/akeneo-prod/asset/m1images/4/7/479220.jpg"
5.0,مصحف القيام مقاس 25×35,4,5.0,0.00248,Fatima.,غلاف مقوى فني,Religion & Spirituality,"https://www.jarir.com/cdn-cgi/image/fit=contain,width=350,height=auto,quality=85,metadata=none/https://ak-asset.jarir.com/akeneo-prod/asset/9/3/2/e/932ecff3798b1e39d71c4dc3b859cdf97c75d63f_584370.jpg"
6.0,ابق قويا 365 يوما في السنة,4,4.8,0.00211,Demi Lovato.,غلاف مقوى,Self-Help & Personal Development,"https://www.jarir.com/cdn-cgi/image/fit=contain,width=350,height=auto,quality=85,metadata=none/https://ak-asset.jarir.com/akeneo-prod/asset/m1images/4/1/419110.jpg"
7.0,واختفي كل شيء,2,4.9,0.01128,Agatha Christie.,Paperback,Fiction Genres,"https://www.jarir.com/cdn-cgi/image/fit=contain,width=350,height=auto,quality=85,metadata=none/https://ak-asset.jarir.com/akeneo-prod/asset/d/3/d/a/d3da9f41481911108f522382e7c43a991179e098_296955.jpg"
8.0,المعاصر اللفظي 9 ورقي ومحوسب 3 أجزاء,4,4.9,0.00186,Osman Abdullah,Paperback,Education & Reference,"https://www.jarir.com/cdn-cgi/image/fit=contain,width=350,height=auto,quality=85,metadata=none/https://ak-asset.jarir.com/akeneo-prod/asset/5/f/5/8/5f58c45a3a2c46a467f5b9b8aa024cf2e43e4f60_641634.jpg"
9.0,من الذي قتل السيد روجر أكرويد,2,5.0,0.00161,Agatha Christie.,Paperback,Fiction Genres,"https://www.jarir.com/cdn-cgi/image/fit=contain,width=350,height=auto,quality=85,metadata=none/https://ak-asset.jarir.com/akeneo-prod/asset/m1images/2/9/296952.jpg"
10.0,ليلة لا تنتهي,2,4.3,0.00236,Agatha Christie.,Paperback,Fiction Genres,"https://www.jarir.com/cdn-cgi/image/fit=contain,width=350,height=auto,quality=85,metadata=none/https://ak-asset.jarir.com/akeneo-prod/asset/m1images/4/1/411827.jpg"
11.0,أبجدية القتلى,2,5.0,0.00136,Agatha Christie.,Paperback,Fiction Genres,"https://www.jarir.com/cdn-cgi/image/fit=contain,width=350,height=auto,quality=85,metadata=none/https://ak-asset.jarir.com/akeneo-prod/asset/a/7/d/6/a7d6aa26eb0ef4a23f16e19494ebc67ac02ab888_296949.jpg"
12.0,لا تهتم بصغائر الامور فكل الامور صغائر,2,5.0,0.00112,Richard Carlson.,Paperback,Self-Help & Personal Development,"https://www.jarir.com/cdn-cgi/image/fit=contain,width=350,height=auto,quality=85,metadata=none/https://ak-asset.jarir.com/akeneo-prod/asset/a/e/3/4/ae34a63bf15496740fa9cd94dc04f726a2a43a29_121802.jpg"
13.0,جريمة في قطار الشرق السريع,2,4.7,0.00174,Agatha Christie.,Paperback,Fiction Genres,"https://www.jarir.com/cdn-cgi/image/fit=contain,width=350,height=auto,quality=85,metadata=none/https://ak-asset.jarir.com/akeneo-prod/asset/a/6/b/7/a6b7f5c0aad7d7c0cdf6b273cd11ea6cbf4b4992_296953.jpg"
14.0,قوة عقلك الباطن,4,4.6,0.00211,Joseph Murphy.,Paperback,Self-Help & Personal Development,"https://www.jarir.com/cdn-cgi/image/fit=contain,width=350,height=auto,quality=85,metadata=none/https://ak-asset.jarir.com/akeneo-prod/asset/m1images/1/6/169834.jpg"
15.0,الفتاة الثالثة الجريمة المنسية,2,4.9,0.00136,Agatha Christie.,Paperback,Fiction Genres,"https://www.jarir.com/cdn-cgi/image/fit=contain,width=350,height=auto,quality=85,metadata=none/https://ak-asset.jarir.com/akeneo-prod/asset/m1images/4/5/450969.jpg"
16.0,أغنى رجل في بابل,2,4.9,0.00161,George Klason.,Paperback,Self-Help & Personal Development,"https://www.jarir.com/cdn-cgi/image/fit=contain,width=350,height=auto,quality=85,metadata=none/https://ak-asset.jarir.com/akeneo-prod/asset/m1images/2/5/251044.jpg"
17.0,مميز بالاصفر,2,4.4,0.00174,"Rochelle Bennington/H Jackson Brown, son.",Paperback,Self-Help & Personal Development,"https://www.jarir.com/cdn-cgi/image/fit=contain,width=350,height=auto,quality=85,metadata=none/https://ak-asset.jarir.com/akeneo-prod/asset/m1images/3/4/343945.jpg"
18.0,الرجال من المريخ النساء من الزهرة الدليل الرائع لفهم الجنس الاخر,4,4.3,0.00124,John Gray.,Paperback,Self-Help & Personal Development,"https://www.jarir.com/cdn-cgi/image/fit=contain,width=350,height=auto,quality=85,metadata=none/https://ak-asset.jarir.com/akeneo-prod/asset/m1images/1/3/130610.jpg"
19.0,ابدأ من حيث أنت دفتر يوميات للاستكشاف الذاتي,1,4.9,0.00099,Mira Lie Patel,Paperback,Self-Help & Personal Development,"https://www.jarir.com/cdn-cgi/image/fit=contain,width=350,height=auto,quality=85,metadata=none/https://ak-asset.jarir.com/akeneo-prod/asset/m1images/4/5/459105.jpg"
20.0,عقدك النفسية سجنك الابدي,4,5.0,0.00136,Yusuf Al-Husseni,Paperback,Politics & Social Sciences,"https://www.jarir.com/cdn-cgi/image/fit=contain,width=350,height=auto,quality=85,metadata=none/https://ak-asset.jarir.com/akeneo-prod/asset/m1/delta/563593.jpg"
21.0,لغات الحب الخمس كيف تعبر عن حبك العميق لشريك حياتك,3,5.0,0.00087,Gary Chapman.,Paperback,Self-Help & Personal Development,"https://www.jarir.com/cdn-cgi/image/fit=contain,width=350,height=auto,quality=85,metadata=none/https://ak-asset.jarir.com/akeneo-prod/asset/3/2/3/c/323ccdc64bbdb9e0b2410625aea5381b34a899f2_327816.jpg"
22.0,أسرار عقل المليونير اتقان لعبة تحقيق الثراء,2,4.4,0.00112,T. Harv Ecker.,Paperback,Self-Help & Personal Development,"https://www.jarir.com/cdn-cgi/image/fit=contain,width=350,height=auto,quality=85,metadata=none/https://ak-asset.jarir.com/akeneo-prod/asset/m1images/2/7/276808.jpg"
23.0,الشعور الجيد العلاج الجديد للتقلبات المزاجية,4,5.0,0.00087,David de Burns.,Paperback,Self-Help & Personal Development,"https://www.jarir.com/cdn-cgi/image/fit=contain,width=350,height=auto,quality=85,metadata=none/https://ak-asset.jarir.com/akeneo-prod/asset/m1images/4/4/449573.jpg"
24.0,مغامرات شيرلوك هولمز,1,4.3,0.00074,Arthur Conan Doyle.,غلاف مقوى,Children & Young Adults,"https://www.jarir.com/cdn-cgi/image/fit=contain,width=350,height=auto,quality=85,metadata=none/https://ak-asset.jarir.com/akeneo-prod/asset/m1/delta/502641.jpg"
25.0,من الذي حرك قطعة الجبن الخاصة بي,3,4.8,0.00112,Spencer Johnson.,غلاف مقوى,Self-Help & Personal Development,"https://www.jarir.com/cdn-cgi/image/fit=contain,width=350,height=auto,quality=85,metadata=none/https://ak-asset.jarir.com/akeneo-prod/asset/m1images/1/6/169850.jpg"
26.0,مذكرات شيرلوك هولمز,1,4.6,0.00062,Arthur Conan Doyle.,غلاف مقوى,Children & Young Adults,"https://www.jarir.com/cdn-cgi/image/fit=contain,width=350,height=auto,quality=85,metadata=none/https://ak-asset.jarir.com/akeneo-prod/asset/m1/delta/502661.jpg"
27.0,لانك الله الجزء الاول رحلة الى السماء السابعة,2,5.0,0.00062,Ali Jaber Alfifie,Paperback,Religion & Spirituality,"https://www.jarir.com/cdn-cgi/image/fit=contain,width=350,height=auto,quality=85,metadata=none/https://ak-asset.jarir.com/akeneo-prod/asset/d/a/d/f/dadf37ad30faa5f18d56d50ecffb69da3ac70bce_597975.jpg"
28.0,كتيب الانشطة الضخمة للبنات مع 1000 نشاط مرح و 500 ملصق,1,5.0,0.00099,Greer's library.,Paperback,Children & Young Adults,"https://www.jarir.com/cdn-cgi/image/fit=contain,width=350,height=auto,quality=85,metadata=none/https://ak-asset.jarir.com/akeneo-prod/asset/m1images/5/1/513663.jpg"
29.0,القهوة السوداء,2,4.5,0.00099,Agatha Christie.,Paperback,Fiction Genres,"https://www.jarir.com/cdn-cgi/image/fit=contain,width=350,height=auto,quality=85,metadata=none/https://ak-asset.jarir.com/akeneo-prod/asset/m1images/4/1/411822.jpg"
30.0,المنزل الاعوج جريمة قتل في منزل آل ليونيدز,2,5.0,0.00074,Agatha Christie.,Paperback,Fiction Genres,"https://www.jarir.com/cdn-cgi/image/fit=contain,width=350,height=auto,quality=85,metadata=none/https://ak-asset.jarir.com/akeneo-prod/asset/3/8/d/b/38dbe304f85f5bdf364a09f58047c9cc956b6e30_411829.jpg"
31.0,ثق بنفسك مجموعة مقولات,1,4.0,0.0005,Helen Axley.,غلاف مقوى,,"https://www.jarir.com/cdn-cgi/image/fit=contain,width=350,height=auto,quality=85,metadata=none/https://ak-asset.jarir.com/akeneo-prod/asset/m1/delta/550671.jpg"
32.0,اعلان عن جريمة,2,4.8,0.00062,Agatha Christie.,Paperback,Fiction Genres,"https://www.jarir.com/cdn-cgi/image/fit=contain,width=350,height=auto,quality=85,metadata=none/https://ak-asset.jarir.com/akeneo-prod/asset/e/7/0/2/e702d1da7bbc0a6c08dddf5db9248d135989e877_315080.jpg"
33.0,لغز القطار الازرق,2,5.0,0.00074,Agatha Christie.,Paperback,Fiction Genres,"https://www.jarir.com/cdn-cgi/image/fit=contain,width=350,height=auto,quality=85,metadata=none/https://ak-asset.jarir.com/akeneo-prod/asset/m1images/3/3/338804.jpg"
34.0,قوة العادات لماذا نعمل ما نعمل فى الحياة الشخصية والعملية,4,5.0,0.00037,Charles Doug.,غلاف مقوى,Self-Help & Personal Development,"https://www.jarir.com/cdn-cgi/image/fit=contain,width=350,height=auto,quality=85,metadata=none/https://ak-asset.jarir.com/akeneo-prod/asset/m1images/3/9/397906.jpg"
35.0,365 قصة عن الاخلاق عبرة في كل يوم تبعدك عن المتاعب,4,4.7,0.00037,Unknown,غلاف مقوى,Children & Young Adults,"https://www.jarir.com/cdn-cgi/image/fit=contain,width=350,height=auto,quality=85,metadata=none/https://ak-asset.jarir.com/akeneo-prod/asset/m1images/4/5/454250.jpg"
36.0,جثة في المكتبة,2,4.9,0.00099,Agatha Christie.,Paperback,Fiction Genres,"https://www.jarir.com/cdn-cgi/image/fit=contain,width=350,height=auto,quality=85,metadata=none/https://ak-asset.jarir.com/akeneo-prod/asset/7/6/8/5/76857c3e1faa01ccb5cc35074a403c039425a570_296946.jpg"
37.0,فكر وازدد ثراء اكتشف قوتك السحرية لتصبح ثريا,3,4.2,0.00062,Napoleon Hill.,Paperback,Self-Help & Personal Development,"https://www.jarir.com/cdn-cgi/image/fit=contain,width=350,height=auto,quality=85,metadata=none/https://ak-asset.jarir.com/akeneo-prod/asset/m1images/4/1/411059.jpg"
38.0,ماجدولين,2,5.0,0.00037,Mustafa Lutfi,Paperback,Fiction Genres,"https://www.jarir.com/cdn-cgi/image/fit=contain,width=350,height=auto,quality=85,metadata=none/https://ak-asset.jarir.com/akeneo-prod/asset/m1images/5/3/536514.jpg"
39.0,أمير الشر الجزء الاول,4,3.7,0.00037,Holly Black.,Paperback,Fiction Genres,"https://www.jarir.com/cdn-cgi/image/fit=contain,width=350,height=auto,quality=85,metadata=none/https://ak-asset.jarir.com/akeneo-prod/asset/9/a/7/8/9a7850ce32333860d19f614d759f8bbcac71f239_567904.jpg"
40.0,يحب الاطفال الكلمات الاولى,1,5.0,0.00037,A chain likes kids.,غلاف مقوى,Children & Young Adults,"https://www.jarir.com/cdn-cgi/image/fit=contain,width=350,height=auto,quality=85,metadata=none/https://ak-asset.jarir.com/akeneo-prod/asset/m1images/5/2/526711.jpg"
41.0,شفاء الطفل التائه بداخلك كيف توقف ردود الفعل الاندفاعية,3,5.0,0.00037,Robert Jackman.,Paperback,Self-Help & Personal Development,"https://www.jarir.com/cdn-cgi/image/fit=contain,width=350,height=auto,quality=85,metadata=none/https://ak-asset.jarir.com/akeneo-prod/asset/0/4/c/c/04ccd74f9683e21fdd9705e9c48235ce093d0e2a_571837.jpg"
42.0,أيقظ قواك الخفية كيف تتحكم فورا بمستقبلك الذهني والعاطفي و الجسماني و المالي,4,4.7,0.00037,Anthony Robbins.,Paperback,Self-Help & Personal Development,"https://www.jarir.com/cdn-cgi/image/fit=contain,width=350,height=auto,quality=85,metadata=none/https://ak-asset.jarir.com/akeneo-prod/asset/m1images/1/2/123421.jpg"
43.0,الاهداف / كيف تحصل على كل شيء تريده أسرع مما ظننته ممكنا,2,5.0,0.00037,Brian Tracy.,Paperback,Self-Help & Personal Development,"https://www.jarir.com/cdn-cgi/image/fit=contain,width=350,height=auto,quality=85,metadata=none/https://ak-asset.jarir.com/akeneo-prod/asset/m1images/3/8/383248.jpg"
44.0,لا أعذار قوة الانضباط الذاتي,3,5.0,0.00037,Brian Tracy.,Paperback,Self-Help & Personal Development,"https://www.jarir.com/cdn-cgi/image/fit=contain,width=350,height=auto,quality=85,metadata=none/https://ak-asset.jarir.com/akeneo-prod/asset/m1images/3/8/385407.jpeg"
45.0,الساعات جثة في منزل الانسة العمياء,2,4.8,0.0005,Agatha Christie.,Paperback,Fiction Genres,"https://www.jarir.com/cdn-cgi/image/fit=contain,width=350,height=auto,quality=85,metadata=none/https://ak-asset.jarir.com/akeneo-prod/asset/m1images/4/5/450964.jpg"
46.0,التلوين الباعث على الصفاء والهدوء فن الوعي التام,3,5.0,0.0005,Greer's library issues.,Paperback,"Arts, Crafts, & Hobbies","https://www.jarir.com/cdn-cgi/image/fit=contain,width=350,height=auto,quality=85,metadata=none/https://ak-asset.jarir.com/akeneo-prod/asset/m1images/4/5/455718.jpg"
47.0,كتاب التلوين من أجل الهدوء رسومات جميلة لتخفيف همومك,3,4.7,0.00037,Group of authors,Paperback,"Arts, Crafts, & Hobbies","https://www.jarir.com/cdn-cgi/image/fit=contain,width=350,height=auto,quality=85,metadata=none/https://ak-asset.jarir.com/akeneo-prod/asset/m1images/4/5/455727.jpg"
48.0,طفل المخ الكامل 12 استراتيجية ثورية للعناية بالمخ النامي,1,5.0,0.00037,Tina Payne Bryson/Daniel Ji Segel.,Paperback,Self-Help & Personal Development,"https://www.jarir.com/cdn-cgi/image/fit=contain,width=350,height=auto,quality=85,metadata=none/https://ak-asset.jarir.com/akeneo-prod/asset/m1images/4/5/456797.jpg"
49.0,كتاب التلوين للكبار رسومات تساعدك على التخلص من التوتر,3,5.0,0.00037,Greer's library issues.,Paperback,"Arts, Crafts, & Hobbies","https://www.jarir.com/cdn-cgi/image/fit=contain,width=350,height=auto,quality=85,metadata=none/https://ak-asset.jarir.com/akeneo-prod/asset/m1images/4/5/457900.jpg"
50.0,العجلات المتحركة سيارة المطافي,1,5.0,0.00025,The wheel chain.,كتاب مقوى,Children & Young Adults,"https://www.jarir.com/cdn-cgi/image/fit=contain,width=350,height=auto,quality=85,metadata=none/https://ak-asset.jarir.com/akeneo-prod/asset/m1images/4/5/458622.jpg"
51.0,حكايات الاحلام السعيدة كنز من حكايات الاطفال,3,5.0,0.00025,Unknown,غلاف مقوى,Children & Young Adults,"https://www.jarir.com/cdn-cgi/image/fit=contain,width=350,height=auto,quality=85,metadata=none/https://ak-asset.jarir.com/akeneo-prod/asset/m1images/4/5/454518.jpg"
52.0,حكايات الخمس دقائق قصص ما قبل النوم قصص لطيفة تساعد على النوم,1,4.0,0.00025,Five-minute story series,غلاف مقوى,Children & Young Adults,"https://www.jarir.com/cdn-cgi/image/fit=contain,width=350,height=auto,quality=85,metadata=none/https://ak-asset.jarir.com/akeneo-prod/asset/m1images/4/2/429642.jpg"
53.0,حكايات ما قبل النوم 7 حكايات قبل النوم,1,3.5,0.00025,Greer's library.,غلاف مقوى,Children & Young Adults,"https://www.jarir.com/cdn-cgi/image/fit=contain,width=350,height=auto,quality=85,metadata=none/https://ak-asset.jarir.com/akeneo-prod/asset/m1images/4/2/429643.jpg"
54.0,501 شيء لتبحثي عنها أشياء مثيرة لتبحثي عنها وتحددي مكانها 3 أرانب,1,5.0,0.00025,Greer's library.,غلاف مقوى,Children & Young Adults,"https://www.jarir.com/cdn-cgi/image/fit=contain,width=350,height=auto,quality=85,metadata=none/https://ak-asset.jarir.com/akeneo-prod/asset/m1images/4/2/429647.jpg"
55.0,من جيد الى عظيم,4,5.0,0.0005,Jim Collins.,غلاف مقوى,Business & Finance,"https://www.jarir.com/cdn-cgi/image/fit=contain,width=350,height=auto,quality=85,metadata=none/https://ak-asset.jarir.com/akeneo-prod/asset/m1images/4/4/442111.jpg"
56.0,(أنا أسمع أصدقائي من الحيوانات الصغيرة (كتاب صوتي,3,5.0,0.00025,A chain I hear.,كتاب مقوى,Children & Young Adults,"https://www.jarir.com/cdn-cgi/image/fit=contain,width=350,height=auto,quality=85,metadata=none/https://ak-asset.jarir.com/akeneo-prod/asset/m1images/4/4/441356.jpg"
57.0,(أنا أسمع حيوانات المزرعة الصغيرة (كتاب صوتي,3,5.0,0.00037,A chain I hear.,كتاب مقوى,Children & Young Adults,"https://www.jarir.com/cdn-cgi/image/fit=contain,width=350,height=auto,quality=85,metadata=none/https://ak-asset.jarir.com/akeneo-prod/asset/m1images/4/4/441357.jpg"
58.0,حول العالم في 80 يوما كلاسيكيات مصورة,1,5.0,0.00025,Joel Vern.,غلاف مقوى,Children & Young Adults,"https://www.jarir.com/cdn-cgi/image/fit=contain,width=350,height=auto,quality=85,metadata=none/https://ak-asset.jarir.com/akeneo-prod/asset/2/5/1/0/25100dac6fb29358abcffa3dfbe45156717da9f0_589543.jpg"
59.0,كن قويا,1,4.8,0.0005,Greer's library.,غلاف مقوى,,"https://www.jarir.com/cdn-cgi/image/fit=contain,width=350,height=auto,quality=85,metadata=none/https://ak-asset.jarir.com/akeneo-prod/asset/m1images/5/1/510042.jpg"
60.0,مميز بالاصفر,4,5.0,0.00025,Robin Sharma.,غلاف مقوى,Self-Help & Personal Development,"https://www.jarir.com/cdn-cgi/image/fit=contain,width=350,height=auto,quality=85,metadata=none/https://ak-asset.jarir.com/akeneo-prod/asset/m1images/5/1/515288.jpg"
61.0,قضايا شيرلوك هولمز,1,5.0,0.00025,Arthur Conan Doyle.,غلاف مقوى,Children & Young Adults,"https://www.jarir.com/cdn-cgi/image/fit=contain,width=350,height=auto,quality=85,metadata=none/https://ak-asset.jarir.com/akeneo-prod/asset/m1/delta/502658.jpg"
62.0,حكايات لخمس دقائق قصص الحيوانات قصص مرحة يجب قراءتها والاحتفاظ بها,1,5.0,0.00025,Five-minute story series.,غلاف مقوى,Children & Young Adults,"https://www.jarir.com/cdn-cgi/image/fit=contain,width=350,height=auto,quality=85,metadata=none/https://ak-asset.jarir.com/akeneo-prod/asset/m1/delta/504087.jpg"
63.0,ايكيجاي السر الياباني لعيش حياة مثمرة وسعيدة,3,5.0,0.0005,Ken Mojoy.,غلاف مقوى,Self-Help & Personal Development,"https://www.jarir.com/cdn-cgi/image/fit=contain,width=350,height=auto,quality=85,metadata=none/https://ak-asset.jarir.com/akeneo-prod/asset/m1images/4/9/491538.jpg"
64.0,المنصف في القدرات بنك اسئلة المحوسب الجديدة جزئين الطبعة الخامسة,4,5.0,0.00025,Mahmoud Wafi,Paperback,Education & Reference,"https://www.jarir.com/cdn-cgi/image/fit=contain,width=350,height=auto,quality=85,metadata=none/https://ak-asset.jarir.com/akeneo-prod/asset/e/6/1/f/e61f42f88c6060fe934e7a9b2fbc9d25f0b2f4ad_643847.jpg"
65.0,رسائل من القرآن,3,5.0,0.00025,Two Menirs.,Paperback,Religion & Spirituality,"https://www.jarir.com/cdn-cgi/image/fit=contain,width=350,height=auto,quality=85,metadata=none/https://ak-asset.jarir.com/akeneo-prod/asset/6/5/7/4/657453b2a047145bf0202c266fe0a6fabedc80bb_638398.jpg"
66.0,موسوعتي الكبيرة عن الفضاء والكون,3,5.0,0.00025,Greer's library.,غلاف مقوى,Children & Young Adults,"https://www.jarir.com/cdn-cgi/image/fit=contain,width=350,height=auto,quality=85,metadata=none/https://ak-asset.jarir.com/akeneo-prod/asset/m1images/4/2/422044.jpg"
67.0,(ما الصوت؟ حيوانات (كتاب صوتي,3,4.5,0.00025,A chain of sound.,كتاب مقوى,Children & Young Adults,"https://www.jarir.com/cdn-cgi/image/fit=contain,width=350,height=auto,quality=85,metadata=none/https://ak-asset.jarir.com/akeneo-prod/asset/m1images/4/2/420546.jpg"
68.0,النموذج الرباعى للتدفقات النقدية,3,4.0,0.00025,Robert T. Kiwasaki,Paperback,Business & Finance,"https://www.jarir.com/cdn-cgi/image/fit=contain,width=350,height=auto,quality=85,metadata=none/https://ak-asset.jarir.com/akeneo-prod/asset/8/6/a/0/86a04dfd2331440610353a947e39acee1ecd460a_282345.jpg"
69.0,العادات ال 7 للاشخاص ذوي الفعالية العالية,4,5.0,0.00025,Steven R. Kofi,غلاف مقوى,Self-Help & Personal Development,"https://www.jarir.com/cdn-cgi/image/fit=contain,width=350,height=auto,quality=85,metadata=none/https://ak-asset.jarir.com/akeneo-prod/asset/a/2/6/6/a266421e58c99612bf37d2582302e4de00e03edb_560533.jpg"
70.0,الكتاب الكبير للانشطة الرائعة,4,5.0,0.0005,Big Book series.,Paperback,Children & Young Adults,"https://www.jarir.com/cdn-cgi/image/fit=contain,width=350,height=auto,quality=85,metadata=none/https://ak-asset.jarir.com/akeneo-prod/asset/m1/delta/503726.jpg"
71.0,كيف تريح عقلك,1,4.7,0.00037,Anna Barnes.,Paperback,Self-Help & Personal Development,"https://www.jarir.com/cdn-cgi/image/fit=contain,width=350,height=auto,quality=85,metadata=none/https://ak-asset.jarir.com/akeneo-prod/asset/m1images/5/2/521739.jpg"
72.0,مذكرة السعادة,1,5.0,0.00025,I'm Barnes.,Paperback,Self-Help & Personal Development,"https://www.jarir.com/cdn-cgi/image/fit=contain,width=350,height=auto,quality=85,metadata=none/https://ak-asset.jarir.com/akeneo-prod/asset/m1/delta/549576.jpg"
73.0,سوف تراه عندما تؤمن به سبيلك الى التحول الذاتي,1,5.0,0.00025,Wynn Wyder.,Paperback,Self-Help & Personal Development,"https://www.jarir.com/cdn-cgi/image/fit=contain,width=350,height=auto,quality=85,metadata=none/https://ak-asset.jarir.com/akeneo-prod/asset/m1images/2/2/222216.jpeg"
74.0,كيف تقول لا توقف عن محاولة ارضاء الاخرين للابد,1,4.5,0.00025,Susan Newman.,Paperback,Self-Help & Personal Development,"https://www.jarir.com/cdn-cgi/image/fit=contain,width=350,height=auto,quality=85,metadata=none/https://ak-asset.jarir.com/akeneo-prod/asset/m1images/2/8/281574.jpg"
75.0,الموت على ضفاف النيل,2,5.0,0.00037,Agatha Christie.,Paperback,Fiction Genres,"https://www.jarir.com/cdn-cgi/image/fit=contain,width=350,height=auto,quality=85,metadata=none/https://ak-asset.jarir.com/akeneo-prod/asset/m1images/2/9/296950.jpg"
76.0,21 قانونا لا يقبل الجدل في القيادة,3,5.0,0.00025,John C. Maxwell.,Paperback,Business & Finance,"https://www.jarir.com/cdn-cgi/image/fit=contain,width=350,height=auto,quality=85,metadata=none/https://ak-asset.jarir.com/akeneo-prod/asset/m1images/3/2/328942.jpg"
77.0,الافكار والمشاعر السيطرة على حالاتك المزاجية وعلى حياتك,3,5.0,0.00025,Martha Davis/Matthew McCae.,Paperback,Self-Help & Personal Development,"https://www.jarir.com/cdn-cgi/image/fit=contain,width=350,height=auto,quality=85,metadata=none/https://ak-asset.jarir.com/akeneo-prod/asset/m1images/3/5/352853.jpg"
78.0,لغة الجسد علم وأسرار لغة الجسد في العمل,1,4.5,0.00025,Carol Kenzi Joman.,Paperback,Self-Help & Personal Development,"https://www.jarir.com/cdn-cgi/image/fit=contain,width=350,height=auto,quality=85,metadata=none/https://ak-asset.jarir.com/akeneo-prod/asset/m1images/3/5/356736.jpg"
79.0,فهم الاسهم,4,4.3,0.0005,Michael. We'll walk.,Paperback,Business & Finance,"https://www.jarir.com/cdn-cgi/image/fit=contain,width=350,height=auto,quality=85,metadata=none/https://ak-asset.jarir.com/akeneo-prod/asset/m1images/4/2/420322.jpg"
80.0,الجواب كيف تمسك بمقاليد حياتك وتصبح الشخص الذي تود أن تكون عليه,2,5.0,0.00025,Now Barbara Baze.,Paperback,Self-Help & Personal Development,"https://www.jarir.com/cdn-cgi/image/fit=contain,width=350,height=auto,quality=85,metadata=none/https://ak-asset.jarir.com/akeneo-prod/asset/m1images/4/6/465058.jpg"
81.0,كتاب تلوين كبير ورائع أزرق أكثر من 140 صفحة ممتعة,1,4.0,0.00025,Greer's library.,Paperback,Children & Young Adults,"https://www.jarir.com/cdn-cgi/image/fit=contain,width=350,height=auto,quality=85,metadata=none/https://ak-asset.jarir.com/akeneo-prod/asset/m1images/4/7/477595.jpg"
82.0,الذكاء العاطفي وسبب كونه أكثر أهمية من حاصل الذكاء,3,5.0,0.00025,Daniel Goldman.,Paperback,Self-Help & Personal Development,"https://www.jarir.com/cdn-cgi/image/fit=contain,width=350,height=auto,quality=85,metadata=none/https://ak-asset.jarir.com/akeneo-prod/asset/m1images/2/9/292492.jpg"
83.0,شخبط ولون كتاب أنشطة وتلوين ممتع,0,5.0,0.00025,Greer's library.,Paperback,Children & Young Adults,"https://www.jarir.com/cdn-cgi/image/fit=contain,width=350,height=auto,quality=85,metadata=none/https://ak-asset.jarir.com/akeneo-prod/asset/m1images/4/7/477865.jpg"
84.0,1001 شيء للبحث عنها المركبات,1,4.0,0.00012,1001 things to look for.,غلاف مقوى,Children & Young Adults,"https://www.jarir.com/cdn-cgi/image/fit=contain,width=350,height=auto,quality=85,metadata=none/https://ak-asset.jarir.com/akeneo-prod/asset/m1images/5/1/518208.jpg"
85.0,101 مبادىء سوق الاسهم دورة مكثفة في بيع و شراء الاسهم,3,4.0,0.00025,Michelle Kajan.,غلاف مقوى,Business & Finance,"https://www.jarir.com/cdn-cgi/image/fit=contain,width=350,height=auto,quality=85,metadata=none/https://ak-asset.jarir.com/akeneo-prod/asset/m1images/5/1/518849.jpg"
86.0,حكايات لخمس دقائق قصص الاميرات قصص عجيبة يجب قراءتها والاحتفاظ بها,1,5.0,0.00012,Five-minute story series.,غلاف مقوى,Children & Young Adults,"https://www.jarir.com/cdn-cgi/image/fit=contain,width=350,height=auto,quality=85,metadata=none/https://ak-asset.jarir.com/akeneo-prod/asset/m1/delta/504086.jpg"
87.0,حكايات للاطفال في سن 1 عام حكايات رائعة للاطفال,1,5.0,0.00025,Greer's library issues.,غلاف مقوى,Children & Young Adults,"https://www.jarir.com/cdn-cgi/image/fit=contain,width=350,height=auto,quality=85,metadata=none/https://ak-asset.jarir.com/akeneo-prod/asset/m1images/4/6/464463.jpg"
88.0,1001 شيء للبحث عنها الديناصورات,1,5.0,0.00012,Greer's library issues.,غلاف مقوى,Children & Young Adults,"https://www.jarir.com/cdn-cgi/image/fit=contain,width=350,height=auto,quality=85,metadata=none/https://ak-asset.jarir.com/akeneo-prod/asset/m1images/4/6/464480.jpg"
89.0,كنز من حكايات الحيوانات,3,5.0,0.00012,Greer's library issues.,غلاف مقوى,Children & Young Adults,"https://www.jarir.com/cdn-cgi/image/fit=contain,width=350,height=auto,quality=85,metadata=none/https://ak-asset.jarir.com/akeneo-prod/asset/m1images/4/5/454509.jpg"
90.0,كنز الاطفال مجموعة من الحكايات الرائعة,3,5.0,0.00012,Unknown,غلاف مقوى,Children & Young Adults,"https://www.jarir.com/cdn-cgi/image/fit=contain,width=350,height=auto,quality=85,metadata=none/https://ak-asset.jarir.com/akeneo-prod/asset/m1images/4/5/454511.jpg"
91.0,مكتبة الطفل الاولى الحيوانات,2,5.0,0.00012,Unknown,كتاب مقوى,Children & Young Adults,"https://www.jarir.com/cdn-cgi/image/fit=contain,width=350,height=auto,quality=85,metadata=none/https://ak-asset.jarir.com/akeneo-prod/asset/m1images/4/5/458609.jpg"
92.0,مكتبة الطفل الاولى جسمي,2,5.0,0.00012,Unknown,كتاب مقوى,Children & Young Adults,"https://www.jarir.com/cdn-cgi/image/fit=contain,width=350,height=auto,quality=85,metadata=none/https://ak-asset.jarir.com/akeneo-prod/asset/m1images/4/5/458613.jpg"
93.0,العجلات المتحركة سيارة الاسعاف,1,5.0,0.00012,The wheel chain.,كتاب مقوى,Children & Young Adults,"https://www.jarir.com/cdn-cgi/image/fit=contain,width=350,height=auto,quality=85,metadata=none/https://ak-asset.jarir.com/akeneo-prod/asset/m1images/4/5/458620.jpg"
94.0,السر نسخة الذكرى السنوية العاشرة للكتاب,4,2.3,0.0005,Rhonda Byrn.,غلاف مقوى,Self-Help & Personal Development,"https://www.jarir.com/cdn-cgi/image/fit=contain,width=350,height=auto,quality=85,metadata=none/https://ak-asset.jarir.com/akeneo-prod/asset/m1images/4/7/471945.jpg"
95.0,هايدي,0,4.0,0.00012,The great story series.,كتاب مقوى,Children & Young Adults,"https://www.jarir.com/cdn-cgi/image/fit=contain,width=350,height=auto,quality=85,metadata=none/https://ak-asset.jarir.com/akeneo-prod/asset/m1images/4/7/470317.jpg"
96.0,حكايات الخمس دقائق قصص للاولاد مغامرات رائعة للاولاد,1,5.0,0.00012,Five-minute story series,غلاف مقوى,Children & Young Adults,"https://www.jarir.com/cdn-cgi/image/fit=contain,width=350,height=auto,quality=85,metadata=none/https://ak-asset.jarir.com/akeneo-prod/asset/m1images/4/2/429633.jpg"
97.0,حكايات الخمس دقائق قصص للبنات قصص لطيفة و جذابة,1,5.0,0.00037,Five-minute story series,غلاف مقوى,Children & Young Adults,"https://www.jarir.com/cdn-cgi/image/fit=contain,width=350,height=auto,quality=85,metadata=none/https://ak-asset.jarir.com/akeneo-prod/asset/m1images/4/2/429634.jpg"
98.0,501 شيء لتبحث عنها الكثير من الاشياء للبحث عنها والعثور عليها 8 طيور,1,5.0,0.00025,Greer's library.,غلاف مقوى,Children & Young Adults,"https://www.jarir.com/cdn-cgi/image/fit=contain,width=350,height=auto,quality=85,metadata=none/https://ak-asset.jarir.com/akeneo-prod/asset/m1images/4/2/429646.jpg"
99.0,صغار المزرعة,0,5.0,0.00012,The fabulous little chain of animals.,كتاب مقوى,Children & Young Adults,"https://www.jarir.com/cdn-cgi/image/fit=contain,width=350,height=auto,quality=85,metadata=none/https://ak-asset.jarir.com/akeneo-prod/asset/m1images/4/5/452125.jpg"
100.0,ألوان لتلمسها الاصفر,1,5.0,0.00012,The color chain to touch.,كتاب مقوى,Children & Young Adults,"https://www.jarir.com/cdn-cgi/image/fit=contain,width=350,height=auto,quality=85,metadata=none/https://ak-asset.jarir.com/akeneo-prod/asset/m1images/4/5/452336.jpg"
101.0,أرنوب,0,5.0,0.00012,Unknown,كتاب فلين,Children & Young Adults,"https://www.jarir.com/cdn-cgi/image/fit=contain,width=350,height=auto,quality=85,metadata=none/https://ak-asset.jarir.com/akeneo-prod/asset/m1images/4/2/420749.jpg"
102.0,2.0 الذكاء العاطفي,3,5.0,0.00012,Jane Griffs/ Travis Bradbury.,غلاف مقوى,Self-Help & Personal Development,"https://www.jarir.com/cdn-cgi/image/fit=contain,width=350,height=auto,quality=85,metadata=none/https://ak-asset.jarir.com/akeneo-prod/asset/4/5/e/f/45ef6f2ecc8eb58f278abe45945a6f6503e2fc75_357821.jpg"
103.0,الكلمات مكتبتي التعليمية الاولى,1,5.0,0.00012,My first education library.,كتاب مقوى,Children & Young Adults,"https://www.jarir.com/cdn-cgi/image/fit=contain,width=350,height=auto,quality=85,metadata=none/https://ak-asset.jarir.com/akeneo-prod/asset/m1images/3/5/358318.jpg"
104.0,الالوان مكتبتي التعليمية الاولى,1,5.0,0.00012,My first education library.,كتاب مقوى,Children & Young Adults,"https://www.jarir.com/cdn-cgi/image/fit=contain,width=350,height=auto,quality=85,metadata=none/https://ak-asset.jarir.com/akeneo-prod/asset/e/3/1/a/e31a36a47784a6dcc8e07e56bfc9685940562bdd_358321.jpg"
105.0,كيف تكسب الاصدقاء وتؤثر في الناس في العصر الرقمي,4,5.0,0.00012,Del Carnegie and his associates.,غلاف مقوى,Self-Help & Personal Development,"https://www.jarir.com/cdn-cgi/image/fit=contain,width=350,height=auto,quality=85,metadata=none/https://ak-asset.jarir.com/akeneo-prod/asset/m1images/3/9/392553.jpeg"
106.0,الجريمة والعقاب,1,5.0,0.00012,Viodor Dustowski,غلاف مقوى,Children & Young Adults,"https://www.jarir.com/cdn-cgi/image/fit=contain,width=350,height=auto,quality=85,metadata=none/https://ak-asset.jarir.com/akeneo-prod/asset/8/f/c/a/8fca81e6901b249c5c41033cfa246a50986c547e_589557.jpg"
107.0,كتابي الاول المصور الحروف الاشكال والالوان الارقام,1,5.0,0.00012,Unknown,غلاف مقوى,Children & Young Adults,"https://www.jarir.com/cdn-cgi/image/fit=contain,width=350,height=auto,quality=85,metadata=none/https://ak-asset.jarir.com/akeneo-prod/asset/1/8/5/b/185b25e758673b74918ea58b6e7e49ffae339edb_585857.jpg"
108.0,الكتاب الكبير للانشطة الرائعة,3,5.0,0.00012,Unknown,غلاف مقوى,Children & Young Adults,"https://www.jarir.com/cdn-cgi/image/fit=contain,width=350,height=auto,quality=85,metadata=none/https://ak-asset.jarir.com/akeneo-prod/asset/9/d/4/e/9d4e7d7b1c49f7adf15fcc8434ecd3cbdf2ea753_586093.jpg"
109.0,أساطير العالم بايجاز,2,5.0,0.00012,Mark Daniels.,Paperback,History & Culture,"https://www.jarir.com/cdn-cgi/image/fit=contain,width=350,height=auto,quality=85,metadata=none/https://ak-asset.jarir.com/akeneo-prod/asset/0/5/7/6/0576fb396180de1f525f78446650084369871981_594705.jpg"
110.0,العيون الفضية خمس ليال في مطعم فريدي رواية مصورة,3,5.0,0.00012,Scott Booth.,Paperback,Children & Young Adults,"https://www.jarir.com/cdn-cgi/image/fit=contain,width=350,height=auto,quality=85,metadata=none/https://ak-asset.jarir.com/akeneo-prod/asset/d/a/5/d/da5d9f761120ffa32fa27f34e43ebddef056f247_613512.jpg"
111.0,الاب الغني الاب الفقير مع تحديثات من أجل عالم اليوم,4,5.0,0.00012,Robert T. Kiusaki,Paperback,Business & Finance,"https://www.jarir.com/cdn-cgi/image/fit=contain,width=350,height=auto,quality=85,metadata=none/https://ak-asset.jarir.com/akeneo-prod/asset/e/6/f/3/e6f368210f5b51045032371a774932eecde42d29_608932.jpg"
112.0,كتاب الفلسفة,4,5.0,0.00012,A series of big ideas is simply explained.,غلاف مقوى,Politics & Social Sciences,"https://www.jarir.com/cdn-cgi/image/fit=contain,width=350,height=auto,quality=85,metadata=none/https://ak-asset.jarir.com/akeneo-prod/asset/c/1/c/9/c1c91c6acafc6aaa0ba56610b6bfa690fcdb97e0_561985.jpg"
113.0,المتميز في مقياس موهبة 9-10 الطبعة الخامسة,4,5.0,0.00012,Ibrahim Qashir,Paperback,Education & Reference,"https://www.jarir.com/cdn-cgi/image/fit=contain,width=350,height=auto,quality=85,metadata=none/https://ak-asset.jarir.com/akeneo-prod/asset/2/2/c/0/22c02b48171d7082bb8f15641e2d78df1b415af5_638421.jpg"
114.0,لا تصدق كل ما تفكر فيه لماذا يعد تفكيرك بدايه و نهاية المعاناة,1,5.0,0.00012,Joseph Niwin.,Paperback,Self-Help & Personal Development,"https://www.jarir.com/cdn-cgi/image/fit=contain,width=350,height=auto,quality=85,metadata=none/https://ak-asset.jarir.com/akeneo-prod/asset/8/4/5/6/845682015a05076368665e197f34f5118875f4b5_620681.jpg"
115.0,أميرات ديزني كتاب المتعة الكبير,2,5.0,0.00012,Greer's library.,Paperback,Children & Young Adults,"https://www.jarir.com/cdn-cgi/image/fit=contain,width=350,height=auto,quality=85,metadata=none/https://ak-asset.jarir.com/akeneo-prod/asset/m1images/4/9/493453.jpg"
116.0,سيكولوجية البيع زد من مبيعاتك أسرع وأسهل مما كنت تعتقد من قبل,2,5.0,0.00012,Brian Tracy.,Paperback,Business & Finance,"https://www.jarir.com/cdn-cgi/image/fit=contain,width=350,height=auto,quality=85,metadata=none/https://ak-asset.jarir.com/akeneo-prod/asset/m1images/4/9/494140.jpg"
117.0,كتاب الانشطة الكبير للبنات,3,5.0,0.00012,Greer's library.,Paperback,Children & Young Adults,"https://www.jarir.com/cdn-cgi/image/fit=contain,width=350,height=auto,quality=85,metadata=none/https://ak-asset.jarir.com/akeneo-prod/asset/m1/delta/503728.jpg"
118.0,فن قول لا كيف,1,5.0,0.00012,Damon Zahariyad.,Paperback,Self-Help & Personal Development,"https://www.jarir.com/cdn-cgi/image/fit=contain,width=350,height=auto,quality=85,metadata=none/https://ak-asset.jarir.com/akeneo-prod/asset/m1images/5/3/538028.jpg"
119.0,لا تكن لطيفا أكثر من اللازم كيف تتجنب تسعة أخطاء ضارة بك,2,5.0,0.00012,Duke Robinson.,Paperback,Self-Help & Personal Development,"https://www.jarir.com/cdn-cgi/image/fit=contain,width=350,height=auto,quality=85,metadata=none/https://ak-asset.jarir.com/akeneo-prod/asset/8/1/e/4/81e434ec2e51a38f04a0f21fc0ae28cd5d817027_198814.jpg"
120.0,مذكرة الهدوء,1,5.0,0.00012,I'm Barnes.,Paperback,Self-Help & Personal Development,"https://www.jarir.com/cdn-cgi/image/fit=contain,width=350,height=auto,quality=85,metadata=none/https://ak-asset.jarir.com/akeneo-prod/asset/m1/delta/549575.jpg"
121.0,شركاء في الجريمة,2,4.3,0.00037,Agatha Christie.,Paperback,Fiction Genres,"https://www.jarir.com/cdn-cgi/image/fit=contain,width=350,height=auto,quality=85,metadata=none/https://ak-asset.jarir.com/akeneo-prod/asset/m1images/3/2/321383.jpg"
122.0,المتميزون قصة نجاح,1,5.0,0.00025,Malcolm Galadwell,Paperback,Self-Help & Personal Development,"https://www.jarir.com/cdn-cgi/image/fit=contain,width=350,height=auto,quality=85,metadata=none/https://ak-asset.jarir.com/akeneo-prod/asset/m1images/3/4/348039.jpg"
123.0,كتاب لغة الجسد كيف تقرأ الافكار والنوايا الخفية لكل شخص,2,5.0,0.00012,Marianne Carinec/Gregorje Hartley,Paperback,Self-Help & Personal Development,"https://www.jarir.com/cdn-cgi/image/fit=contain,width=350,height=auto,quality=85,metadata=none/https://ak-asset.jarir.com/akeneo-prod/asset/m1images/3/6/365509.jpeg"
124.0,الكتاب الصغير لالعاب المخ الكبيرة,3,5.0,0.00012,Ivan Mosković,Paperback,Self-Help & Personal Development,"https://www.jarir.com/cdn-cgi/image/fit=contain,width=350,height=auto,quality=85,metadata=none/https://ak-asset.jarir.com/akeneo-prod/asset/m1images/3/8/382945.jpg"
125.0,قراءة الوجوه بسرعة ويسر,3,4.0,0.00012,Richard Webster.,Paperback,Self-Help & Personal Development,"https://www.jarir.com/cdn-cgi/image/fit=contain,width=350,height=auto,quality=85,metadata=none/https://ak-asset.jarir.com/akeneo-prod/asset/m1images/4/1/410998.jpg"
126.0,المستثمر الذكي الكتاب الشامل حول الاستثمار القائم علي مبدأ القيمة,4,5.0,0.00025,Benjamin Graham.,Paperback,Business & Finance,"https://www.jarir.com/cdn-cgi/image/fit=contain,width=350,height=auto,quality=85,metadata=none/https://ak-asset.jarir.com/akeneo-prod/asset/m1images/4/2/426451.jpg"
127.0,اللغة الانجليزية,0,5.0,0.00012,Greer's library.,Paperback,Children & Young Adults,"https://www.jarir.com/cdn-cgi/image/fit=contain,width=350,height=auto,quality=85,metadata=none/https://ak-asset.jarir.com/akeneo-prod/asset/m1images/4/4/446374.jpg"
128.0,الراهب الذي باع سيارته الفيراري قصة خيالية حول تحقيق أحلامك وبلوغ مصيرك,3,5.0,0.00025,Robin Sharma.,Paperback,Self-Help & Personal Development,"https://www.jarir.com/cdn-cgi/image/fit=contain,width=350,height=auto,quality=85,metadata=none/https://ak-asset.jarir.com/akeneo-prod/asset/m1images/2/8/282871.jpg"
129.0,تنمية العقل لسن 3 سنوات فما فوق كتاب أنشطة,0,5.0,0.00012,Drum Land.,Paperback,Children & Young Adults,"https://www.jarir.com/cdn-cgi/image/fit=contain,width=350,height=auto,quality=85,metadata=none/https://ak-asset.jarir.com/akeneo-prod/asset/m1images/4/4/446376.jpg"
130.0,أحبك يا أبي عربي انجليزي,2,5.0,0.00012,Arlene.,Paperback,Children & Young Adults,"https://www.jarir.com/cdn-cgi/image/fit=contain,width=350,height=auto,quality=85,metadata=none/https://ak-asset.jarir.com/akeneo-prod/asset/m1images/4/4/446757.jpg"
131.0,أحبك يا أمي عربي انجليزي,2,5.0,0.00012,Arlene.,Paperback,Children & Young Adults,"https://www.jarir.com/cdn-cgi/image/fit=contain,width=350,height=auto,quality=85,metadata=none/https://ak-asset.jarir.com/akeneo-prod/asset/m1images/4/4/446758.jpg"
132.0,كن الافضل في وول ستريت كيف تستخدم ما تعرفه بالفعل لتكسب مالا,3,5.0,0.00012,John Rothschild/Peter Lynch,Paperback,Business & Finance,"https://www.jarir.com/cdn-cgi/image/fit=contain,width=350,height=auto,quality=85,metadata=none/https://ak-asset.jarir.com/akeneo-prod/asset/m1images/4/5/450790.jpg"
133.0,الخمسة المشتبه بهم القرود الخمسة الصغيرة,2,5.0,0.00012,Agatha Christie.,Paperback,Fiction Genres,"https://www.jarir.com/cdn-cgi/image/fit=contain,width=350,height=auto,quality=85,metadata=none/https://ak-asset.jarir.com/akeneo-prod/asset/6/5/b/4/65b468a50c818a0b3bfb60026d067153436e19dc_451326.jpg"
134.0,كتاب التلوين للكبار تصميمات للحيوانات تساعد على التخلص من التوتر,3,5.0,0.00012,Greer's library issues.,Paperback,"Arts, Crafts, & Hobbies","https://www.jarir.com/cdn-cgi/image/fit=contain,width=350,height=auto,quality=85,metadata=none/https://ak-asset.jarir.com/akeneo-prod/asset/m1images/4/5/457899.jpg"
135.0,التلوين الباعث على السعادة والنشاط فن الوعي التام,3,5.0,0.00012,Greer's library issues.,Paperback,"Arts, Crafts, & Hobbies","https://www.jarir.com/cdn-cgi/image/fit=contain,width=350,height=auto,quality=85,metadata=none/https://ak-asset.jarir.com/akeneo-prod/asset/m1images/4/5/458469.jpg"
136.0,الالهام صفحات ابداعية من أجل الاسترخاء والاستمتاع,1,5.0,0.00012,Valentina Harper.,Paperback,"Arts, Crafts, & Hobbies","https://www.jarir.com/cdn-cgi/image/fit=contain,width=350,height=auto,quality=85,metadata=none/https://ak-asset.jarir.com/akeneo-prod/asset/m1images/4/5/458848.jpg"
137.0,مكتبتي الصغيرة حكايات البنات,3,5.0,0.00012,My little library series.,Paperback,Children & Young Adults,"https://www.jarir.com/cdn-cgi/image/fit=contain,width=350,height=auto,quality=85,metadata=none/https://ak-asset.jarir.com/akeneo-prod/asset/m1images/4/6/464486.jpg"
138.0,ارسم ولون كتاب أنشطة وتلوين ممتع,0,5.0,0.00012,Greer's library.,Paperback,Children & Young Adults,"https://www.jarir.com/cdn-cgi/image/fit=contain,width=350,height=auto,quality=85,metadata=none/https://ak-asset.jarir.com/akeneo-prod/asset/m1images/4/7/477861.jpg"
139.0,كن آمنا داخل المدرسة,0,0.0,0.0,Be safe.,كتاب فلين,Children & Young Adults,"https://www.jarir.com/cdn-cgi/image/fit=contain,width=350,height=auto,quality=85,metadata=none/https://ak-asset.jarir.com/akeneo-prod/asset/m1images/4/7/477599.jpg"
140.0,كن آمنا داخل السوق,0,0.0,0.0,Be safe.,كتاب فلين,Children & Young Adults,"https://www.jarir.com/cdn-cgi/image/fit=contain,width=350,height=auto,quality=85,metadata=none/https://ak-asset.jarir.com/akeneo-prod/asset/m1images/4/7/477600.jpg"
141.0,كن آمنا على الطريق,0,0.0,0.0,Be safe.,كتاب فلين,Children & Young Adults,"https://www.jarir.com/cdn-cgi/image/fit=contain,width=350,height=auto,quality=85,metadata=none/https://ak-asset.jarir.com/akeneo-prod/asset/m1images/4/7/477602.jpg"
142.0,لماذا أسئلة يطرحها الاطفال,2,0.0,0.0,Greer's library.,غلاف مقوى,Children & Young Adults,"https://www.jarir.com/cdn-cgi/image/fit=contain,width=350,height=auto,quality=85,metadata=none/https://ak-asset.jarir.com/akeneo-prod/asset/m1images/4/7/477604.jpg"
143.0,قصص يتشارك الاطفال في قرائتها 5 حكايات للمتعة,2,0.0,0.0,5 tales of joy,غلاف مقوى,Children & Young Adults,"https://www.jarir.com/cdn-cgi/image/fit=contain,width=350,height=auto,quality=85,metadata=none/https://ak-asset.jarir.com/akeneo-prod/asset/m1images/4/7/478141.jpg"
144.0,قوة الثقة بالنفس كيف تصبح شخصا شجاعا لا يمكن ايقافه,3,0.0,0.0,Brian Tracy.,غلاف مقوى,Self-Help & Personal Development,"https://www.jarir.com/cdn-cgi/image/fit=contain,width=350,height=auto,quality=85,metadata=none/https://ak-asset.jarir.com/akeneo-prod/asset/m1images/4/7/476108.jpg"
145.0,حكايات لخمس دقائق قصص وقت النوم كنز مكون من 5 قصص يجب مشاركتها,1,0.0,0.0,Five-minute story series.,غلاف مقوى,Children & Young Adults,"https://www.jarir.com/cdn-cgi/image/fit=contain,width=350,height=auto,quality=85,metadata=none/https://ak-asset.jarir.com/akeneo-prod/asset/m1/delta/504088.jpg"
146.0,16 قصة أخلاقية رائعة الجزء الاول,3,0.0,0.0,Greer's library.,غلاف مقوى,Children & Young Adults,"https://www.jarir.com/cdn-cgi/image/fit=contain,width=350,height=auto,quality=85,metadata=none/https://ak-asset.jarir.com/akeneo-prod/asset/m1/delta/504108.jpg"
147.0,16 قصة أخلاقية رائعة الجزء الثاني,3,0.0,0.0,Greer's library.,غلاف مقوى,Children & Young Adults,"https://www.jarir.com/cdn-cgi/image/fit=contain,width=350,height=auto,quality=85,metadata=none/https://ak-asset.jarir.com/akeneo-prod/asset/m1/delta/504111.jpg"
148.0,حكايات جحا,3,0.0,0.0,Greer's library.,غلاف مقوى,Children & Young Adults,"https://www.jarir.com/cdn-cgi/image/fit=contain,width=350,height=auto,quality=85,metadata=none/https://ak-asset.jarir.com/akeneo-prod/asset/m1/delta/502664.jpg"
149.0,365 قصة للبنات,3,0.0,0.0,Greer's library.,غلاف مقوى,Children & Young Adults,"https://www.jarir.com/cdn-cgi/image/fit=contain,width=350,height=auto,quality=85,metadata=none/https://ak-asset.jarir.com/akeneo-prod/asset/m1/delta/502670.jpg"
150.0,ديزني ملكة الثلج 5 دقائق من كنز الحكايات,1,0.0,0.0,Greer's library.,غلاف مقوى,Children & Young Adults,"https://www.jarir.com/cdn-cgi/image/fit=contain,width=350,height=auto,quality=85,metadata=none/https://ak-asset.jarir.com/akeneo-prod/asset/m1images/4/9/493440.jpg"
151.0,صوفيا تصبح أميرة مجموعة قصص قصيرة,2,0.0,0.0,Greer's library.,غلاف مقوى,Children & Young Adults,"https://www.jarir.com/cdn-cgi/image/fit=contain,width=350,height=auto,quality=85,metadata=none/https://ak-asset.jarir.com/akeneo-prod/asset/m1images/4/9/493445.jpg"
152.0,أميرات ديزني 5 دقائق من كنز الحكايات,2,0.0,0.0,Greer's library.,غلاف مقوى,Children & Young Adults,"https://www.jarir.com/cdn-cgi/image/fit=contain,width=350,height=auto,quality=85,metadata=none/https://ak-asset.jarir.com/akeneo-prod/asset/m1images/4/9/493448.jpg"
153.0,ديزني بيكسار مجموعة قصص قصيرة,2,0.0,0.0,Greer's library.,غلاف مقوى,Children & Young Adults,"https://www.jarir.com/cdn-cgi/image/fit=contain,width=350,height=auto,quality=85,metadata=none/https://ak-asset.jarir.com/akeneo-prod/asset/m1images/4/9/493454.jpg"
154.0,ديزني ملكة الثلج فروزن محموعة قصص قصيرة,2,0.0,0.0,Greer's library.,غلاف مقوى,Children & Young Adults,"https://www.jarir.com/cdn-cgi/image/fit=contain,width=350,height=auto,quality=85,metadata=none/https://ak-asset.jarir.com/akeneo-prod/asset/m1images/4/9/493457.jpg"
155.0,عش اللحظة,1,0.0,0.0,Greer's library.,غلاف مقوى,,"https://www.jarir.com/cdn-cgi/image/fit=contain,width=350,height=auto,quality=85,metadata=none/https://ak-asset.jarir.com/akeneo-prod/asset/m1images/5/1/510041.jpg"
156.0,أنت قادر على هذا,1,0.0,0.0,Greer's library.,غلاف مقوى,,"https://www.jarir.com/cdn-cgi/image/fit=contain,width=350,height=auto,quality=85,metadata=none/https://ak-asset.jarir.com/akeneo-prod/asset/m1images/5/1/510046.jpg"
157.0,اصنع ديناصورك مليء بحقائق الديناصورات الشرسة,1,5.0,0.00012,Greer's library.,غلاف مقوى,Children & Young Adults,"https://www.jarir.com/cdn-cgi/image/fit=contain,width=350,height=auto,quality=85,metadata=none/https://ak-asset.jarir.com/akeneo-prod/asset/m1images/5/1/518191.jpg"
158.0,1001 شيء للبحث عنها القراصنة,1,0.0,0.0,1001 things to look for.,غلاف مقوى,Children & Young Adults,"https://www.jarir.com/cdn-cgi/image/fit=contain,width=350,height=auto,quality=85,metadata=none/https://ak-asset.jarir.com/akeneo-prod/asset/m1images/5/1/518206.jpg"
159.0,1001 شيء للبحث عنها لاعبة الاستعراض,1,0.0,0.0,1001 things to look for.,غلاف مقوى,Children & Young Adults,"https://www.jarir.com/cdn-cgi/image/fit=contain,width=350,height=auto,quality=85,metadata=none/https://ak-asset.jarir.com/akeneo-prod/asset/m1images/5/1/518207.jpg"
160.0,1001 شيء للبحث عنها مدرسة المسرح,1,0.0,0.0,1001 things to look for.,غلاف مقوى,Children & Young Adults,"https://www.jarir.com/cdn-cgi/image/fit=contain,width=350,height=auto,quality=85,metadata=none/https://ak-asset.jarir.com/akeneo-prod/asset/m1images/5/1/518209.jpg"
161.0,حكايات الخمس دقائق حكايات عن الخيول,1,0.0,0.0,Five-minute story series,غلاف مقوى,Children & Young Adults,"https://www.jarir.com/cdn-cgi/image/fit=contain,width=350,height=auto,quality=85,metadata=none/https://ak-asset.jarir.com/akeneo-prod/asset/m1images/5/1/518210.jpg"
162.0,حكايات الخمس دقائق حكايات عن الارانب,1,0.0,0.0,Five-minute story series,غلاف مقوى,Children & Young Adults,"https://www.jarir.com/cdn-cgi/image/fit=contain,width=350,height=auto,quality=85,metadata=none/https://ak-asset.jarir.com/akeneo-prod/asset/m1images/5/1/518211.jpg"
163.0,حكايات الخمس دقائق حكايات عن الكلاب,0,0.0,0.0,Five-minute story series,غلاف مقوى,Children & Young Adults,"https://www.jarir.com/cdn-cgi/image/fit=contain,width=350,height=auto,quality=85,metadata=none/https://ak-asset.jarir.com/akeneo-prod/asset/m1images/5/1/518212.jpg"
164.0,حكايات الخمس دقائق حكايات عن القطط,1,0.0,0.0,Five-minute story series,غلاف مقوى,Children & Young Adults,"https://www.jarir.com/cdn-cgi/image/fit=contain,width=350,height=auto,quality=85,metadata=none/https://ak-asset.jarir.com/akeneo-prod/asset/m1images/5/1/518213.jpg"
165.0,ملكة الثلج فروزن مجموعة قصصية,2,0.0,0.0,Disney.,غلاف مقوى,Children & Young Adults,"https://www.jarir.com/cdn-cgi/image/fit=contain,width=350,height=auto,quality=85,metadata=none/https://ak-asset.jarir.com/akeneo-prod/asset/m1images/5/2/521414.jpg"
166.0,كن محاربا ولا تكن قلقا,3,5.0,0.00025,Elizabeth Archer.,غلاف مقوى,,"https://www.jarir.com/cdn-cgi/image/fit=contain,width=350,height=auto,quality=85,metadata=none/https://ak-asset.jarir.com/akeneo-prod/asset/m1images/5/2/521719.jpg"
167.0,الحكمة أفكار وأقوال لكل يوم,0,0.0,0.0,Greer's library.,غلاف مقوى,,"https://www.jarir.com/cdn-cgi/image/fit=contain,width=350,height=auto,quality=85,metadata=none/https://ak-asset.jarir.com/akeneo-prod/asset/m1images/5/2/521728.jpg"
168.0,الهدوء أفكار وأقوال لكل يوم,0,0.0,0.0,Greer's library.,غلاف مقوى,,"https://www.jarir.com/cdn-cgi/image/fit=contain,width=350,height=auto,quality=85,metadata=none/https://ak-asset.jarir.com/akeneo-prod/asset/m1images/5/2/521729.jpg"
169.0,آمنت بقدرتها على الانجاز فأنجزت,1,0.0,0.0,Greer's library.,غلاف مقوى,,"https://www.jarir.com/cdn-cgi/image/fit=contain,width=350,height=auto,quality=85,metadata=none/https://ak-asset.jarir.com/akeneo-prod/asset/m1images/5/2/521730.jpg"
170.0,365 سؤالا واجابة مدهشة,3,0.0,0.0,Greer's library.,غلاف مقوى,Children & Young Adults,"https://www.jarir.com/cdn-cgi/image/fit=contain,width=350,height=auto,quality=85,metadata=none/https://ak-asset.jarir.com/akeneo-prod/asset/m1images/5/2/522840.jpg"
171.0,حكايات ايسوب اكتشف عالم حكايات الحيوانات العجيب,0,0.0,0.0,Find out the world of wonder animal stories.,غلاف مقوى,Children & Young Adults,"https://www.jarir.com/cdn-cgi/image/fit=contain,width=350,height=auto,quality=85,metadata=none/https://ak-asset.jarir.com/akeneo-prod/asset/m1images/3/4/346666.jpg"
172.0,العب وتعلم الارقام,1,0.0,0.0,Play chain and learn.,غلاف مقوى,Children & Young Adults,"https://www.jarir.com/cdn-cgi/image/fit=contain,width=350,height=auto,quality=85,metadata=none/https://ak-asset.jarir.com/akeneo-prod/asset/m1images/3/5/357966.jpg"
173.0,كتابى الكبير للكلمات يحوي ما يزيد على 1000 كلمة بسيطة للاطفال,2,0.0,0.0,Unknown,كتاب مقوى,Children & Young Adults,"https://www.jarir.com/cdn-cgi/image/fit=contain,width=350,height=auto,quality=85,metadata=none/https://ak-asset.jarir.com/akeneo-prod/asset/m1images/3/5/358317.jpg"
174.0,صوفي والقصيدة المثالية العادات 7 للاطفال السعداء العادة 6,0,0.0,0.0,Shawn Kofi,غلاف مقوى,Children & Young Adults,"https://www.jarir.com/cdn-cgi/image/fit=contain,width=350,height=auto,quality=85,metadata=none/https://ak-asset.jarir.com/akeneo-prod/asset/m1images/5/1/517285.jpg"
175.0,تعلم الانجليزية في 1000 كلمة,2,0.0,0.0,I'm Serena Fard.,غلاف مقوى,Children & Young Adults,"https://www.jarir.com/cdn-cgi/image/fit=contain,width=350,height=auto,quality=85,metadata=none/https://ak-asset.jarir.com/akeneo-prod/asset/m1images/3/3/330695.jpg"
176.0,جوجو وفطيرة الجوز العادات 7 للاطفال السعداء العادة 4,0,0.0,0.0,Shawn Kofi,غلاف مقوى,Children & Young Adults,"https://www.jarir.com/cdn-cgi/image/fit=contain,width=350,height=auto,quality=85,metadata=none/https://ak-asset.jarir.com/akeneo-prod/asset/m1images/5/1/517287.jpg"
177.0,365 حكاية,3,0.0,0.0,365 tale series,غلاف مقوى,Children & Young Adults,"https://www.jarir.com/cdn-cgi/image/fit=contain,width=350,height=auto,quality=85,metadata=none/https://ak-asset.jarir.com/akeneo-prod/asset/m1images/3/3/334983.jpg"
178.0,ليلي والبسكويت المقزز العادات 7 للاطفال السعداء العادة 5,0,0.0,0.0,Shawn Kofi,غلاف مقوى,Children & Young Adults,"https://www.jarir.com/cdn-cgi/image/fit=contain,width=350,height=auto,quality=85,metadata=none/https://ak-asset.jarir.com/akeneo-prod/asset/m1images/5/1/517289.jpg"
179.0,أفضل 365 حكاية,3,0.0,0.0,356 tale series,غلاف مقوى,Children & Young Adults,"https://www.jarir.com/cdn-cgi/image/fit=contain,width=350,height=auto,quality=85,metadata=none/https://ak-asset.jarir.com/akeneo-prod/asset/m1images/3/3/334984.jpg"
180.0,الدب جوب وجده العادات 7 للاطفال السعداء العادة 7,0,0.0,0.0,Shawn Kofi,غلاف مقوى,Children & Young Adults,"https://www.jarir.com/cdn-cgi/image/fit=contain,width=350,height=auto,quality=85,metadata=none/https://ak-asset.jarir.com/akeneo-prod/asset/m1images/5/1/517291.jpg"
181.0,قاموس الاطفال المصور 2000 كلمة للاطفال من سن سبع سنوات الى ثماني سنوات,3,0.0,0.0,Sonal Bharara.,غلاف مقوى,Children & Young Adults,"https://www.jarir.com/cdn-cgi/image/fit=contain,width=350,height=auto,quality=85,metadata=none/https://ak-asset.jarir.com/akeneo-prod/asset/m1images/3/5/352641.jpg"
182.0,أنا أحب حيوانات المزرعة,1,0.0,0.0,Unknown,كتاب مقوى,Children & Young Adults,"https://www.jarir.com/cdn-cgi/image/fit=contain,width=350,height=auto,quality=85,metadata=none/https://ak-asset.jarir.com/akeneo-prod/asset/m1images/3/4/341792.jpg"
183.0,أنا أحب الحيوانات البرية,1,0.0,0.0,Unknown,كتاب مقوى,Children & Young Adults,"https://www.jarir.com/cdn-cgi/image/fit=contain,width=350,height=auto,quality=85,metadata=none/https://ak-asset.jarir.com/akeneo-prod/asset/m1images/3/4/341793.jpg"
184.0,المس واستشعر الحيوانات من حولنا,1,0.0,0.0,The chain of my best friends.,غلاف مقوى,Children & Young Adults,"https://www.jarir.com/cdn-cgi/image/fit=contain,width=350,height=auto,quality=85,metadata=none/https://ak-asset.jarir.com/akeneo-prod/asset/m1images/3/6/360461.jpg"
185.0,المس واستشعر صغار الحيوانات,1,0.0,0.0,The chain of my best friends.,غلاف مقوى,Children & Young Adults,"https://www.jarir.com/cdn-cgi/image/fit=contain,width=350,height=auto,quality=85,metadata=none/https://ak-asset.jarir.com/akeneo-prod/asset/m1images/3/6/360462.jpg"
186.0,المس واستشعر حيوانات المزرعة,1,0.0,0.0,The chain of my best friends.,غلاف مقوى,Children & Young Adults,"https://www.jarir.com/cdn-cgi/image/fit=contain,width=350,height=auto,quality=85,metadata=none/https://ak-asset.jarir.com/akeneo-prod/asset/m1images/3/6/360463.jpg"
187.0,المس واستشعر الحيوانات البرية,1,0.0,0.0,The chain of my best friends.,غلاف مقوى,Children & Young Adults,"https://www.jarir.com/cdn-cgi/image/fit=contain,width=350,height=auto,quality=85,metadata=none/https://ak-asset.jarir.com/akeneo-prod/asset/m1images/3/6/360464.jpg"
188.0,من أنا ؟ القطة,1,0.0,0.0,A series of me.,كتاب فلين,Children & Young Adults,"https://www.jarir.com/cdn-cgi/image/fit=contain,width=350,height=auto,quality=85,metadata=none/https://ak-asset.jarir.com/akeneo-prod/asset/m1images/3/6/362138.jpg"
189.0,من أنا ؟ الاسد,1,0.0,0.0,A series of me.,كتاب فلين,Children & Young Adults,"https://www.jarir.com/cdn-cgi/image/fit=contain,width=350,height=auto,quality=85,metadata=none/https://ak-asset.jarir.com/akeneo-prod/asset/m1images/3/6/362139.jpg"
190.0,مغامرات القطة قطقوطة,1,0.0,0.0,Small animal story series,كتاب فلين,Children & Young Adults,"https://www.jarir.com/cdn-cgi/image/fit=contain,width=350,height=auto,quality=85,metadata=none/https://ak-asset.jarir.com/akeneo-prod/asset/m1images/3/6/362141.jpg"
191.0,مغامرات البطة بطوطة,1,0.0,0.0,Small animal story series,كتاب فلين,Children & Young Adults,"https://www.jarir.com/cdn-cgi/image/fit=contain,width=350,height=auto,quality=85,metadata=none/https://ak-asset.jarir.com/akeneo-prod/asset/m1images/3/6/362143.jpg"
192.0,يوم ممتع في المدرسة,0,0.0,0.0,Quarter.,كتاب مقوى,Children & Young Adults,"https://www.jarir.com/cdn-cgi/image/fit=contain,width=350,height=auto,quality=85,metadata=none/https://ak-asset.jarir.com/akeneo-prod/asset/m1images/3/9/392269.jpg"
193.0,يوم ممتع في المنزل,0,0.0,0.0,Quarter.,كتاب مقوى,Children & Young Adults,"https://www.jarir.com/cdn-cgi/image/fit=contain,width=350,height=auto,quality=85,metadata=none/https://ak-asset.jarir.com/akeneo-prod/asset/m1images/3/9/392271.jpg"
194.0,أفضل قصص من مزرعة الحيوانات,3,0.0,0.0,I'm Cassales.,كتاب مقوى,Children & Young Adults,"https://www.jarir.com/cdn-cgi/image/fit=contain,width=350,height=auto,quality=85,metadata=none/https://ak-asset.jarir.com/akeneo-prod/asset/m1images/3/9/392327.jpg"
195.0,سندريلا,1,0.0,0.0,Global story series,غلاف مقوى,Children & Young Adults,"https://www.jarir.com/cdn-cgi/image/fit=contain,width=350,height=auto,quality=85,metadata=none/https://ak-asset.jarir.com/akeneo-prod/asset/m1images/2/6/266757.jpg"
196.0,ذات الرداء الاحمر,1,0.0,0.0,Global story series,غلاف مقوى,Children & Young Adults,"https://www.jarir.com/cdn-cgi/image/fit=contain,width=350,height=auto,quality=85,metadata=none/https://ak-asset.jarir.com/akeneo-prod/asset/m1images/2/6/266766.jpg"
197.0,قصص خيالية سندريلا,0,0.0,0.0,A series of fictional stories.,كتاب مقوى,Children & Young Adults,"https://www.jarir.com/cdn-cgi/image/fit=contain,width=350,height=auto,quality=85,metadata=none/https://ak-asset.jarir.com/akeneo-prod/asset/m1images/4/2/420460.jpg"
198.0,قصص خيالية سنووايت,0,0.0,0.0,A series of fictional stories.,كتاب مقوى,Children & Young Adults,"https://www.jarir.com/cdn-cgi/image/fit=contain,width=350,height=auto,quality=85,metadata=none/https://ak-asset.jarir.com/akeneo-prod/asset/m1images/4/2/420461.jpg"
199.0,قصص خيالية ذات الرداء الاحمر,0,0.0,0.0,A series of fictional stories.,كتاب مقوى,Children & Young Adults,"https://www.jarir.com/cdn-cgi/image/fit=contain,width=350,height=auto,quality=85,metadata=none/https://ak-asset.jarir.com/akeneo-prod/asset/m1images/4/2/420462.jpg"
200.0,(ما الصوت؟ المزرعة (كتاب صوتي,3,0.0,0.0,A chain of sound.,كتاب مقوى,Children & Young Adults,"https://www.jarir.com/cdn-cgi/image/fit=contain,width=350,height=auto,quality=85,metadata=none/https://ak-asset.jarir.com/akeneo-prod/asset/m1images/4/2/420547.jpg"
201.0,(ما الصوت؟ فرووم (كتاب صوتي,3,0.0,0.0,A chain of sound.,كتاب مقوى,Children & Young Adults,"https://www.jarir.com/cdn-cgi/image/fit=contain,width=350,height=auto,quality=85,metadata=none/https://ak-asset.jarir.com/akeneo-prod/asset/m1images/4/2/420548.jpg"
202.0,لوسي,0,0.0,0.0,Unknown,كتاب فلين,Children & Young Adults,"https://www.jarir.com/cdn-cgi/image/fit=contain,width=350,height=auto,quality=85,metadata=none/https://ak-asset.jarir.com/akeneo-prod/asset/m1images/4/2/420747.jpg"
203.0,200 كلمة لمساعدتك على التحدث عن علم النفس,1,0.0,0.0,Michael Brettt.,Paperback,Politics & Social Sciences,"https://www.jarir.com/cdn-cgi/image/fit=contain,width=350,height=auto,quality=85,metadata=none/https://ak-asset.jarir.com/akeneo-prod/asset/0/9/d/8/09d8de4f65baa8be30907e0e7e834541bd13f099_620648.jpg"
204.0,كتابي الاول البحث والاستكشاف كتاب صوتي الحيوانات,4,0.0,0.0,Greer's library issues.,غلاف مقوى,Children & Young Adults,"https://www.jarir.com/cdn-cgi/image/fit=contain,width=350,height=auto,quality=85,metadata=none/https://ak-asset.jarir.com/akeneo-prod/asset/c/9/5/1/c9519512526d4f35e30431e858bed065754d4489_619411.jpg"
205.0,كتابي الاول البحث والاستكشاف كتاب صوتي يومي الحافل,4,0.0,0.0,Greer's library issues.,غلاف مقوى,Children & Young Adults,"https://www.jarir.com/cdn-cgi/image/fit=contain,width=350,height=auto,quality=85,metadata=none/https://ak-asset.jarir.com/akeneo-prod/asset/e/e/2/6/ee26395e8d257269fd6fba5c8ff06bf9acc085d8_619412.jpg"
206.0,طريق النجاح,1,0.0,0.0,Helen Axley.,Paperback,,"https://www.jarir.com/cdn-cgi/image/fit=contain,width=350,height=auto,quality=85,metadata=none/https://ak-asset.jarir.com/akeneo-prod/asset/8/8/7/3/8873ac075f5943e103ce45a8e2b4eb5ec31549bc_619837.jpg"
207.0,365 حكمة لكل يوم مقولات يومية من قبس الحكمة,3,0.0,0.0,Helen Axley.,غلاف مقوى,,"https://www.jarir.com/cdn-cgi/image/fit=contain,width=350,height=auto,quality=85,metadata=none/https://ak-asset.jarir.com/akeneo-prod/asset/5/8/a/6/58a6746dc4089fbc83c2862bc1000d348a3fa110_619846.jpg"
208.0,ابنتي العزيزة رسائل يومية مليئة بالحب,3,0.0,0.0,Helen Axley.,غلاف مقوى,,"https://www.jarir.com/cdn-cgi/image/fit=contain,width=350,height=auto,quality=85,metadata=none/https://ak-asset.jarir.com/akeneo-prod/asset/f/a/6/4/fa641add92f4171ae62d5900e6ab23651aadcc37_619849.jpg"
209.0,تفاءل احلم عش 365 فكرة ايجابية و متفائلة لكل يوم,3,0.0,0.0,Helen Axley.,Paperback,,"https://www.jarir.com/cdn-cgi/image/fit=contain,width=350,height=auto,quality=85,metadata=none/https://ak-asset.jarir.com/akeneo-prod/asset/2/2/1/c/221c82f55b48609b053fa45839163546957444fd_619853.jpg"
210.0,كيف تؤثر على الاخرين وتكسب الاصدقاء الكتاب الوحيد الذي يمكنه أن يقودك الى النجاح,2,0.0,0.0,Del Carnegie.,Paperback,Self-Help & Personal Development,"https://www.jarir.com/cdn-cgi/image/fit=contain,width=350,height=auto,quality=85,metadata=none/https://ak-asset.jarir.com/akeneo-prod/asset/9/9/8/c/998c52761d9f1d2407a0d46fe235308da8254ab6_620022.jpg"
211.0,سلسلة مواقف يومية 8 مواقف يتعرض لها الطفل يوميا 1/8 فى علبة,3,0.0,0.0,Greer's library.,Paperback,Children & Young Adults,"https://www.jarir.com/cdn-cgi/image/fit=contain,width=350,height=auto,quality=85,metadata=none/https://ak-asset.jarir.com/akeneo-prod/asset/8/8/e/0/88e00b6d7308fd05403944fc2969cdc55a528606_623103.jpg"
212.0,المتميز في مقياس موهبة 3-4-5 الطبعة الخامسة,4,0.0,0.0,Ibrahim Qashir,Paperback,Education & Reference,"https://www.jarir.com/cdn-cgi/image/fit=contain,width=350,height=auto,quality=85,metadata=none/https://ak-asset.jarir.com/akeneo-prod/asset/3/d/f/8/3df8719bd0683178d3888a103a406a16c29b7a45_636002.jpg"
213.0,المتميز في مقياس موهبة 6-7-8 لاختبار القدرات العقلية المتعددة الطبعة الخامسة,4,0.0,0.0,Ibrahim Qashir,Paperback,Education & Reference,"https://www.jarir.com/cdn-cgi/image/fit=contain,width=350,height=auto,quality=85,metadata=none/https://ak-asset.jarir.com/akeneo-prod/asset/f/8/9/0/f8900103ab1af7ebfc15d0bd09c90aa770bee863_642428.jpg"
214.0,حصن المسلم صغير,0,0.0,0.0,Happy to give me a shot.,Paperback,Religion & Spirituality,"https://www.jarir.com/cdn-cgi/image/fit=contain,width=350,height=auto,quality=85,metadata=none/https://ak-asset.jarir.com/akeneo-prod/asset/4/f/e/0/4fe03f505ddbc6ed0db69867b345da66d593361c_632200.jpg"
215.0,أم في مليون,1,0.0,0.0,Greer's library.,غلاف مقوى,,"https://www.jarir.com/cdn-cgi/image/fit=contain,width=350,height=auto,quality=85,metadata=none/https://ak-asset.jarir.com/akeneo-prod/asset/m1/delta/549547.jpg"
216.0,أب في مليون,1,0.0,0.0,Greer's library.,غلاف مقوى,,"https://www.jarir.com/cdn-cgi/image/fit=contain,width=350,height=auto,quality=85,metadata=none/https://ak-asset.jarir.com/akeneo-prod/asset/m1/delta/549548.jpg"
217.0,تبا للتوتر تلميحات ونصائح عن كيفية القضاء على القلق,1,0.0,0.0,Alex Martin.,غلاف مقوى,,"https://www.jarir.com/cdn-cgi/image/fit=contain,width=350,height=auto,quality=85,metadata=none/https://ak-asset.jarir.com/akeneo-prod/asset/m1/delta/549565.jpg"
218.0,تبا للقلق تلميحات ونصائح عن القضاء على مخاوفك,1,0.0,0.0,Alex Martin.,غلاف مقوى,,"https://www.jarir.com/cdn-cgi/image/fit=contain,width=350,height=auto,quality=85,metadata=none/https://ak-asset.jarir.com/akeneo-prod/asset/m1/delta/549566.jpg"
219.0,اصنع ذاتك,1,0.0,0.0,Greer's library.,غلاف مقوى,,"https://www.jarir.com/cdn-cgi/image/fit=contain,width=350,height=auto,quality=85,metadata=none/https://ak-asset.jarir.com/akeneo-prod/asset/m1/delta/549574.jpg"
220.0,حكايات 5 دقائق قصص ما قبل المدرسة,1,0.0,0.0,5 minutes story series,غلاف مقوى,Children & Young Adults,"https://www.jarir.com/cdn-cgi/image/fit=contain,width=350,height=auto,quality=85,metadata=none/https://ak-asset.jarir.com/akeneo-prod/asset/m1/delta/549591.jpg"
221.0,5 دقائق من حكايات قبل النوم,2,0.0,0.0,5 minutes series of stories.,غلاف مقوى,Children & Young Adults,"https://www.jarir.com/cdn-cgi/image/fit=contain,width=350,height=auto,quality=85,metadata=none/https://ak-asset.jarir.com/akeneo-prod/asset/m1/delta/545245.jpg"
222.0,فروزن 2 ملكة الثلج طبعة بلاتينية,1,0.0,0.0,Disney.,غلاف مقوى,Children & Young Adults,"https://www.jarir.com/cdn-cgi/image/fit=contain,width=350,height=auto,quality=85,metadata=none/https://ak-asset.jarir.com/akeneo-prod/asset/m1/delta/538597.jpg"
223.0,جوهر الحياة كلمات ملهمة,0,0.0,0.0,Stefano Ajabio,غلاف مقوى,Self-Help & Personal Development,"https://www.jarir.com/cdn-cgi/image/fit=contain,width=350,height=auto,quality=85,metadata=none/https://ak-asset.jarir.com/akeneo-prod/asset/m1images/5/3/532610.jpg"
224.0,افعل ما يجعل روحك تشرق,1,0.0,0.0,Greer's library.,غلاف مقوى,,"https://www.jarir.com/cdn-cgi/image/fit=contain,width=350,height=auto,quality=85,metadata=none/https://ak-asset.jarir.com/akeneo-prod/asset/m1images/5/3/532827.jpg"
225.0,100 شيء لرفع معنوياتك عندما تشعر بالاحباط,1,0.0,0.0,Julia Lavelyn.,غلاف مقوى,,"https://www.jarir.com/cdn-cgi/image/fit=contain,width=350,height=auto,quality=85,metadata=none/https://ak-asset.jarir.com/akeneo-prod/asset/m1images/5/3/532493.jpg"
226.0,العناية بالذات كيف تعيش حياة واعية وتعتني بنفسك,1,0.0,0.0,Claire Chamberlain.,غلاف مقوى,,"https://www.jarir.com/cdn-cgi/image/fit=contain,width=350,height=auto,quality=85,metadata=none/https://ak-asset.jarir.com/akeneo-prod/asset/m1images/5/3/532502.jpg"
227.0,لا تتخل عن أحلام يقظتك,0,0.0,0.0,Greer's library issues.,غلاف مقوى,,"https://www.jarir.com/cdn-cgi/image/fit=contain,width=350,height=auto,quality=85,metadata=none/https://ak-asset.jarir.com/akeneo-prod/asset/m1images/5/3/532508.jpg"
228.0,كلي ونامي وأبهري الاخرين,1,3.0,0.00025,Greer's library.,غلاف مقوى,,"https://www.jarir.com/cdn-cgi/image/fit=contain,width=350,height=auto,quality=85,metadata=none/https://ak-asset.jarir.com/akeneo-prod/asset/m1images/5/3/532513.jpg"
229.0,كن سعيدا,0,0.0,0.0,Helen Axley.,غلاف مقوى,,"https://www.jarir.com/cdn-cgi/image/fit=contain,width=350,height=auto,quality=85,metadata=none/https://ak-asset.jarir.com/akeneo-prod/asset/m1/delta/550674.jpg"
230.0,كن واثقا,0,0.0,0.0,Helen Axley.,غلاف مقوى,,"https://www.jarir.com/cdn-cgi/image/fit=contain,width=350,height=auto,quality=85,metadata=none/https://ak-asset.jarir.com/akeneo-prod/asset/m1/delta/550675.jpg"
231.0,كن ايجابيا,0,0.0,0.0,Helen Axley.,غلاف مقوى,,"https://www.jarir.com/cdn-cgi/image/fit=contain,width=350,height=auto,quality=85,metadata=none/https://ak-asset.jarir.com/akeneo-prod/asset/m1/delta/550680.jpg"
232.0,تعلم كتابة جدول الضرب اكتب وامسح مع قلم,0,0.0,0.0,Learning series written,كتاب مقوى,Children & Young Adults,"https://www.jarir.com/cdn-cgi/image/fit=contain,width=350,height=auto,quality=85,metadata=none/https://ak-asset.jarir.com/akeneo-prod/asset/m1/delta/550706.jpg"
233.0,تعلم كتابة الحروف الابجدية الكبيرة اكتب وامسح مع قلم,0,0.0,0.0,Learning series written,كتاب مقوى,Children & Young Adults,"https://www.jarir.com/cdn-cgi/image/fit=contain,width=350,height=auto,quality=85,metadata=none/https://ak-asset.jarir.com/akeneo-prod/asset/m1/delta/550707.jpg"
234.0,جثة في المكتبة روايات مصورة,2,5.0,0.00025,Agatha Christie.,غلاف مقوى,Fiction Genres,"https://www.jarir.com/cdn-cgi/image/fit=contain,width=350,height=auto,quality=85,metadata=none/https://ak-asset.jarir.com/akeneo-prod/asset/a/1/6/c/a16c9cafd793873d1d64debf72fa8e0e69348cc7_560527.jpg"
235.0,متعلق العلم الجديد لتعلق البالغين وكيف يستطيع مساعدتك في العثور على الحب والحفاظ عليه,3,0.0,0.0,"Rachel SF Heller, Prince of Levin.",Paperback,Self-Help & Personal Development,"https://www.jarir.com/cdn-cgi/image/fit=contain,width=350,height=auto,quality=85,metadata=none/https://ak-asset.jarir.com/akeneo-prod/asset/e/7/8/e/e78ea8299a16bdfc321f8a4bcd85f9f4f3701b5b_563071.jpg"
236.0,مكتبتي الصغيرة الاميرات,3,0.0,0.0,The princess chain.,غلاف مقوى,Children & Young Adults,"https://www.jarir.com/cdn-cgi/image/fit=contain,width=350,height=auto,quality=85,metadata=none/https://ak-asset.jarir.com/akeneo-prod/asset/5/c/5/7/5c5740b1ae5e3c99265c847b9dbcbb32b407d94b_561533.jpg"
237.0,العادات السبع بايجاز حكمة خالدة لعالم سريع التغير,1,0.0,0.0,Steven R. Kofi,Paperback,Self-Help & Personal Development,"https://www.jarir.com/cdn-cgi/image/fit=contain,width=350,height=auto,quality=85,metadata=none/https://ak-asset.jarir.com/akeneo-prod/asset/3/1/7/1/3171c244252d17f077120f74f1b96732dc46fd98_558808.jpg"
238.0,ازالة القلق علم جديد يظهر كيفية كسر حلقات القلق والخوف لعلاج عقلك,4,0.0,0.0,Goodson Broyer.,غلاف مقوى,Self-Help & Personal Development,"https://www.jarir.com/cdn-cgi/image/fit=contain,width=350,height=auto,quality=85,metadata=none/https://ak-asset.jarir.com/akeneo-prod/asset/5/2/7/9/527914e3a806948dbdb7fb4642f1aa2ba9c1a773_567731.jpg"
239.0,101 مبادىء الفلسفة,3,0.0,0.0,Paul Clinman.,غلاف مقوى,Politics & Social Sciences,"https://www.jarir.com/cdn-cgi/image/fit=contain,width=350,height=auto,quality=85,metadata=none/https://ak-asset.jarir.com/akeneo-prod/asset/6/5/7/f/657f1e1c5cd723873cce786e33ae643019073ff6_567739.jpg"
240.0,يحب الاطفال الكلمة وعكسها,1,0.0,0.0,A chain likes kids.,غلاف مقوى,Children & Young Adults,"https://www.jarir.com/cdn-cgi/image/fit=contain,width=350,height=auto,quality=85,metadata=none/https://ak-asset.jarir.com/akeneo-prod/asset/m1images/5/2/526714.jpg"
241.0,يحب الاطفال الالوان,1,0.0,0.0,A chain likes kids.,غلاف مقوى,Children & Young Adults,"https://www.jarir.com/cdn-cgi/image/fit=contain,width=350,height=auto,quality=85,metadata=none/https://ak-asset.jarir.com/akeneo-prod/asset/m1images/5/2/526716.jpg"
242.0,علاقة العقل بالامعاء كيف يؤثر الحوار الخفي داخل اجسامنا في حالتنا المزاجية وخياراتنا و صحتنا ككل,3,5.0,0.00012,"Two things, Meyer.",غلاف مقوى,Health & Fitness,"https://www.jarir.com/cdn-cgi/image/fit=contain,width=350,height=auto,quality=85,metadata=none/https://ak-asset.jarir.com/akeneo-prod/asset/m1/delta/529201.jpg"
243.0,كنزي الاول من قصص الجميلات,2,0.0,0.0,Kensi's first chain.,غلاف مقوى,Children & Young Adults,"https://www.jarir.com/cdn-cgi/image/fit=contain,width=350,height=auto,quality=85,metadata=none/https://ak-asset.jarir.com/akeneo-prod/asset/m1images/5/2/524992.jpg"
244.0,كتابي الاول من قصص الحيوانات,1,0.0,0.0,My first book series.,غلاف مقوى,Children & Young Adults,"https://www.jarir.com/cdn-cgi/image/fit=contain,width=350,height=auto,quality=85,metadata=none/https://ak-asset.jarir.com/akeneo-prod/asset/m1images/5/2/524993.jpg"
245.0,كنزي الاول من قصص وقت النوم,2,0.0,0.0,Kensi's first chain.,غلاف مقوى,Children & Young Adults,"https://www.jarir.com/cdn-cgi/image/fit=contain,width=350,height=auto,quality=85,metadata=none/https://ak-asset.jarir.com/akeneo-prod/asset/m1images/5/2/524995.jpg"
246.0,حكايات للاطفال في سن 2 عامين حكايات رائعة للاطفال,1,0.0,0.0,Greer's library issues.,غلاف مقوى,Children & Young Adults,"https://www.jarir.com/cdn-cgi/image/fit=contain,width=350,height=auto,quality=85,metadata=none/https://ak-asset.jarir.com/akeneo-prod/asset/m1images/4/6/464465.jpg"
247.0,حكايات للبنات في سن عام قصص رائعة للبنات الصغيرات,1,0.0,0.0,Unknown,غلاف مقوى,Children & Young Adults,"https://www.jarir.com/cdn-cgi/image/fit=contain,width=350,height=auto,quality=85,metadata=none/https://ak-asset.jarir.com/akeneo-prod/asset/m1images/4/6/464466.jpg"
248.0,حكايات للبنات في سن عامين قصص رائعة للبنات الصغيرات,1,0.0,0.0,Unknown,غلاف مقوى,Children & Young Adults,"https://www.jarir.com/cdn-cgi/image/fit=contain,width=350,height=auto,quality=85,metadata=none/https://ak-asset.jarir.com/akeneo-prod/asset/m1images/4/6/464467.jpg"
249.0,كنزي من حكايات وقت الراحة مجموعة رائعة من القصص اللطيفة لوقت النوم,2,0.0,0.0,Unknown,غلاف مقوى,Children & Young Adults,"https://www.jarir.com/cdn-cgi/image/fit=contain,width=350,height=auto,quality=85,metadata=none/https://ak-asset.jarir.com/akeneo-prod/asset/m1images/4/6/464472.jpg"
250.0,1001 شيء للبحث عنها الاميرات اعثري على 12 مفتاحا ذهبيا في المملكة,1,5.0,0.00012,Greer's library issues.,غلاف مقوى,Children & Young Adults,"https://www.jarir.com/cdn-cgi/image/fit=contain,width=350,height=auto,quality=85,metadata=none/https://ak-asset.jarir.com/akeneo-prod/asset/m1images/4/6/464481.jpg"
251.0,الادارة مكتبة براين تراسي للنجاح,1,0.0,0.0,Brian Tracy.,غلاف مقوى,Business & Finance,"https://www.jarir.com/cdn-cgi/image/fit=contain,width=350,height=auto,quality=85,metadata=none/https://ak-asset.jarir.com/akeneo-prod/asset/m1images/4/6/465329.jpg"
253.0,The Housemaid's Secret - This Perfect Home Has One Rule. Don't Look Behind Closed Doors.,4,0.0,0.0,Freida McFadden,Paperback,Fiction Genres,"https://www.jarir.com/cdn-cgi/image/fit=contain,width=350,height=auto,quality=85,metadata=none/https://ak-asset.jarir.com/akeneo-prod/asset/d/7/b/7/d7b73287d9e877a403222d348669c8c0163eb6a8_620418.jpg"
254.0,The Fury - There were Seven of Us on The Island. One of Us was a Murderer...,4,0.0,0.0,Alexide s,Paperback,Fiction Genres,"https://www.jarir.com/cdn-cgi/image/fit=contain,width=350,height=auto,quality=85,metadata=none/https://ak-asset.jarir.com/akeneo-prod/asset/4/e/a/d/4eadd41f82ee18ef8de81686bb17e2032d331327_627725.jpg"
255.0,The Unfortunate Side Effects of Heartbreak and Magic - A Novel,3,0.0,0.0,Breanne Randall,Paperback,Fiction Genres,"https://www.jarir.com/cdn-cgi/image/fit=contain,width=350,height=auto,quality=85,metadata=none/https://ak-asset.jarir.com/akeneo-prod/asset/0/8/5/3/0853840026abfc5adf63e69dc47b2e4026886249_628356.jpg"
256.0,Emily Wilde's Encyclopaedia of Faeries,3,0.0,0.0,Heather Fawc e t t,Paperback,Fiction Genres,"https://www.jarir.com/cdn-cgi/image/fit=contain,width=350,height=auto,quality=85,metadata=none/https://ak-asset.jarir.com/akeneo-prod/asset/9/5/a/e/95ae216596cc4208be681633436e5e5f0068071f_631862.jpg"
257.0,The Coworker - You See Her Everyday,3,0.0,0.0,Freida McFadden,Paperback,Fiction Genres,"https://www.jarir.com/cdn-cgi/image/fit=contain,width=350,height=auto,quality=85,metadata=none/https://ak-asset.jarir.com/akeneo-prod/asset/e/f/d/e/efdeb7bf689da620fb5f36fdb09530b836d231f8_632504.jpg"
258.0,Psychology of Money - Timeless Lesson on Wealth,4,0.0,0.0,Morgan Housel,Paperback,Business & Finance,"https://www.jarir.com/cdn-cgi/image/fit=contain,width=350,height=auto,quality=85,metadata=none/https://ak-asset.jarir.com/akeneo-prod/asset/m1/delta/563138.jpg"
259.0,Dune,3,5.0,0.00012,Frank Herbe r t,Paperback,Fiction Genres,"https://www.jarir.com/cdn-cgi/image/fit=contain,width=350,height=auto,quality=85,metadata=none/https://ak-asset.jarir.com/akeneo-prod/asset/m1/delta/559663.jpg"
260.0,Rich Dad Poor Dad,3,0.0,0.0,Robert Kiyosaki,Paperback,Business & Finance,"https://www.jarir.com/cdn-cgi/image/fit=contain,width=350,height=auto,quality=85,metadata=none/https://ak-asset.jarir.com/akeneo-prod/asset/1/c/b/7/1cb754763fb1d5badbcd73e5ec4e47b5257b69f5_581225.jpg"
261.0,The Final Gambit,3,0.0,0.0,Jennifer Lynn Barne s,Paperback,Fiction Genres,"https://www.jarir.com/cdn-cgi/image/fit=contain,width=350,height=auto,quality=85,metadata=none/https://ak-asset.jarir.com/akeneo-prod/asset/f/e/2/c/fe2c2f711fc88a5a48a1cc60b98cf1932b9be728_593388.jpg"
262.0,كتاب التحصيلي علمي 46-47 (2025),4,4.3,0.00099,Nasser bin Abdulaziz Al-Abdulkarim,Paperback,Education & Reference,"https://images-eu.ssl-images-amazon.com/images/I/711G5sHK6QL._AC_UL300_SR300,200_.jpg"
263.0,El Sharq library المعاصر 9 تاسيس كمي 2/1 ورقي ومحوسب,4,4.5,0.02703,Imad Al-Zarri,Paperback,Education & Reference,"https://images-eu.ssl-images-amazon.com/images/I/61bz3P6Bv4L._AC_UL300_SR300,200_.jpg"
264.0,Coloriages mystères Pixar,4,4.7,0.32279,Jérémy Mariez,Paperback,Self-Help & Personal Development,"https://images-eu.ssl-images-amazon.com/images/I/81yEhlMz2HL._AC_UL300_SR300,200_.jpg"
265.0,Coloriages mystères Disney Princesses: Coloriez les chiffres et découvrez l'image,4,4.7,0.72507,Jérémy Mariez,Paperback,"Arts, Crafts, & Hobbies","https://images-eu.ssl-images-amazon.com/images/I/81EqE1+IxzL._AC_UL300_SR300,200_.jpg"
266.0,My First 365 Coloring Book: Jumbo Coloring Book for Kids (with Tear Out Sheets),1,4.6,0.20064,Wonder House Book s,Paperback,Children & Young Adults,"https://images-eu.ssl-images-amazon.com/images/I/71ge72GnrpL._AC_UL300_SR300,200_.jpg"
267.0,My First Library : Boxset Of 10 Board Books For Kids: Boxset for Kids (Pack-1),3,4.6,10.0,Wonder House Book s,Board book,Children & Young Adults,"https://images-eu.ssl-images-amazon.com/images/I/711c-uf6AFL._AC_UL300_SR300,200_.jpg"
268.0,The Power of your Subconscious Mind,2,4.5,1.74861,Joseph Murphy,Paperback,Self-Help & Personal Development,"https://images-eu.ssl-images-amazon.com/images/I/61WMgOHyDaL._AC_UL300_SR300,200_.jpg"
269.0,مذكرات أخصائي نفسي - نورة محمد الكيال,4,0.0,0.0,Norah Muhammad al-Kayal,Paperback,Psychology & Philosophy,"https://images-eu.ssl-images-amazon.com/images/I/61h6o5j-SxL._AC_UL300_SR300,200_.jpg"
270.0,Coloriages mystères Disney - Les Grands classiques Tome 11,4,4.5,0.0966,Jérémy Mariez,Paperback,Children & Young Adults,"https://images-eu.ssl-images-amazon.com/images/I/816OVZU20cL._AC_UL300_SR300,200_.jpg"
271.0,فاتتني صلاة,1,4.7,0.0372,Islam Jamal.,Paperback,Fiction Genres,"https://images-eu.ssl-images-amazon.com/images/I/61Cc+xopBNL._AC_UL300_SR300,200_.jpg"
272.0,Iron Flame: 2,4,4.6,1.59906,Rebecca Yar r o s,Hardcover,Literature & Fiction,"https://images-eu.ssl-images-amazon.com/images/I/917Bc9C1MlL._AC_UL300_SR300,200_.jpg"
273.0,Creative Haven Main Street Coloring Book,2,4.7,0.3058,Teresa Goodridg e,Paperback,"Arts, Crafts, & Hobbies","https://images-eu.ssl-images-amazon.com/images/I/91XP39IVwfL._AC_UL300_SR300,200_.jpg"
274.0,"The Psychology of Money: Timeless lessons on wealth, greed, and happiness",3,4.7,2.53221,Morgan Housel,Paperback,Business & Finance,"https://images-eu.ssl-images-amazon.com/images/I/81wZXiu4OiL._AC_UL300_SR300,200_.jpg"
275.0,100 First Words (Ms. Rachel),2,4.8,0.01476,Ms. Rachel,Board book,Children & Young Adults,"https://images-eu.ssl-images-amazon.com/images/I/811bt83wB7L._AC_UL300_SR300,200_.jpg"
276.0,101 Unicorn Colouring Book: Fun Activity Colouring Book for Children,0,4.6,0.28683,Wonder House Book s,Paperback,Children & Young Adults,"https://images-eu.ssl-images-amazon.com/images/I/71Xde5joqVL._AC_UL300_SR300,200_.jpg"
277.0,First 100 Words: A Padded Board Book,3,4.7,4.50329,Roger Priddy,Board book,Children & Young Adults,"https://images-eu.ssl-images-amazon.com/images/I/71aMpgf078L._AC_UL300_SR300,200_.jpg"
278.0,The Housemaid,4,4.7,1.97865,Freida McFadden,Paperback,Psychological & Drama,"https://images-eu.ssl-images-amazon.com/images/I/81AHTyq2wVL._AC_UL300_SR300,200_.jpg"
279.0,Golden Books The Tale of Peter Rabbit,0,4.8,0.23487,Beatrix P o t te r,Hardcover,Children & Young Adults,"https://images-eu.ssl-images-amazon.com/images/I/91aZJmKeqUL._AC_UL300_SR300,200_.jpg"
280.0,"Cambridge University Press Unlock Level 3 Reading, Writing, & Critical Thinking Students Book",4,4.7,0.00223,Carolyn Westbrook,Paperback,Education & Reference,"https://images-eu.ssl-images-amazon.com/images/I/71-pRNI-CUL._AC_UL300_SR300,200_.jpg"
281.0,الليالي البيضاء,1,4.6,0.00756,Dustowski.,Paperback,Fiction Genres,"https://images-eu.ssl-images-amazon.com/images/I/813axjGRhzL._AC_UL300_SR300,200_.jpg"
282.0,Best of Babies,4,4.7,0.02108,Collectif,Paperback,Children & Young Adults,"https://images-eu.ssl-images-amazon.com/images/I/716wZKBSleL._AC_UL300_SR300,200_.jpg"
283.0,A Man Called Ove,2,4.6,2.23869,Fredrik Backman,Paperback,Comics & Humor,"https://images-eu.ssl-images-amazon.com/images/I/81g2oEdeGTL._AC_UL300_SR300,200_.jpg"
285.0,Colouring Books For Kids (Pack Of 12 Books For Children ),2,4.4,0.66281,Wonder House Book s,Paperback,Children & Young Adults,"https://images-eu.ssl-images-amazon.com/images/I/81ZiMSpnmDL._AC_UL300_SR300,200_.jpg"
286.0,"Good Vibes, Good Life: How Self-Love Is the Key to Unlocking Your Greatness: OVER 2 MILLION COPIES SOLD",4,4.7,3.19949,Vex King,Paperback,Self-Help & Personal Development,"https://images-eu.ssl-images-amazon.com/images/I/61EuEW9rABL._AC_UL300_SR300,200_.jpg"
287.0,White Nights,0,4.6,0.18465,Fyodor Dostoyevsky,Mass Market Paperback,Fiction Genres,"https://images-eu.ssl-images-amazon.com/images/I/51lMJWnnRDL._AC_UL300_SR300,200_.jpg"
288.0,Orientalism: Western Conceptions of the Orient,4,4.6,0.20151,Edward W. Said,Paperback,History & Culture,"https://images-eu.ssl-images-amazon.com/images/I/81CGJE1QyKL._AC_UL300_SR300,200_.jpg"
289.0,Mandala: Colouring Books For Adults With Tear Out Sheets (Adult Colouring Book) Paperback,1,4.5,0.62499,Wonder House Book s,Paperback,"Arts, Crafts, & Hobbies","https://images-eu.ssl-images-amazon.com/images/I/91-40jIWD4S._AC_UL300_SR300,200_.jpg"
290.0,الفقراء,2,4.6,0.00657,various,Paperback,Fiction Genres,"https://images-eu.ssl-images-amazon.com/images/I/61G-1AW1NAL._AC_UL300_SR300,200_.jpg"
291.0,Atomic Habits: An Easy & Proven Way to Build Good Habits & Break Bad Ones,4,4.8,9.04862,James Clea r,Hardcover,Business & Finance,"https://images-eu.ssl-images-amazon.com/images/I/81ANaVZk5LL._AC_UL300_SR300,200_.jpg"
292.0,GRAPHIX Dog Man 10: Mothering Heights (The New BlockbUSting International Bestseller),3,4.9,2.78779,Dav Pilkey,Hardcover,Mysteries & Detective Stories for Children,"https://images-eu.ssl-images-amazon.com/images/I/81Cx8j-Db4L._AC_UL300_SR300,200_.jpg"
293.0,"Tuesdays With Morrie: An old man, a young man, and life's greatest lesson",2,4.6,1.03037,Mitch Alb o m,Paperback,Psychology & Philosophy,"https://images-eu.ssl-images-amazon.com/images/I/71nUyVAUJfL._AC_UL300_SR300,200_.jpg"
294.0,"Handwriting Practice Book For Kids Ages 6-10: Printing Workbook For Grades 1, 2 & 3, Learn To Trace Alphabet Letters And Numbers 1-100, Sight Words, 101 Jokes: Improve Writing Penmanship",2,4.7,0.66455,Hippid o o,Paperback,Children & Young Adults,"https://images-eu.ssl-images-amazon.com/images/I/61DEi2dDNAL._AC_UL300_SR300,200_.jpg"
295.0,Blippi: I Like That! Coloring Book with Crayons: Blippi Coloring Book with Crayons,1,4.7,0.44047,Editors of Studio Fun International,Paperback,Children & Young Adults,"https://images-eu.ssl-images-amazon.com/images/I/81ent8SDQkL._AC_UL300_SR300,200_.jpg"
296.0,"Brown Bear, Brown Bear, What Do You See?",2,4.9,6.15729,Bill Martin,Board book,Children & Young Adults,"https://images-eu.ssl-images-amazon.com/images/I/81kZ3Gl3WKL._AC_UL300_SR300,200_.jpg"
297.0,The Four Agreements: Practical Guide to Personal Freedom: A Practical Guide to Personal Freedom (Toltec Wisdom): 1,3,4.8,9.55407,Don Miguel Ruiz,Paperback,Self-Help & Personal Development,"https://images-eu.ssl-images-amazon.com/images/I/91rR9gMuOVL._AC_UL300_SR300,200_.jpg"
298.0,Baby Touch And Feel: Animals (Baby Touch And Feel (Dk Publishing)),1,4.7,1.42694,DK,Board book,Activity Books for Children,"https://images-eu.ssl-images-amazon.com/images/I/71JgyMLYYSL._AC_UL300_SR300,200_.jpg"
299.0,Coloriages mystères Disney - Les Grands classiques Tome 10,4,4.8,0.06957,Jérémy Mariez,Paperback,"Arts, Crafts, & Hobbies","https://images-eu.ssl-images-amazon.com/images/I/81lpjslIBgL._AC_UL300_SR300,200_.jpg"
300.0,الاطلس المصور للاطفال - العالم,1,4.5,0.01575,A collection of authors,Hardcover,Children & Young Adults,"https://images-eu.ssl-images-amazon.com/images/I/81LdXwj8lnL._AC_UL300_SR300,200_.jpg"
301.0,Coloriages Mystères Disney Portraits,4,4.6,0.5987,Christophe-Alexis Perez,Paperback,Activity Books for Children,"https://images-eu.ssl-images-amazon.com/images/I/81RQHuIg0ZL._AC_UL300_SR300,200_.jpg"
302.0,A Curse For True Love: the thrilling final book in the Once Upon a Broken: 3,4,4.5,0.05121,Stephanie Garbe r,Paperback,Science Fiction & Fantasy,"https://images-eu.ssl-images-amazon.com/images/I/91EHaC+M-RL._AC_UL300_SR300,200_.jpg"
303.0,No Hitting!,1,4.4,0.12587,Karen Katz,Paperback,Children & Young Adults,"https://images-eu.ssl-images-amazon.com/images/I/71UvyNwcMDL._AC_UL300_SR300,200_.jpg"
304.0,The Art of Sourdough Scoring: Your All-In-One Guide to Perfect Loaves with Gorgeous Designs,4,4.5,0.02083,Brittany Wood,Paperback,"Arts, Crafts, & Hobbies","https://images-eu.ssl-images-amazon.com/images/I/91G4u-eoQDL._AC_UL300_SR300,200_.jpg"
305.0,Random House Books for Young Readers The Dragon's Promise: 2,3,4.6,0.03013,Elizabeth Lim,Paperback,Children & Young Adults,"https://images-eu.ssl-images-amazon.com/images/I/A1XKp-yYXWL._AC_UL300_SR300,200_.jpg"
306.0,The Art Of Cuphead,,4.9,0.44407,Studio MDHR,Hardcover,Children & Young Adults,"https://images-eu.ssl-images-amazon.com/images/I/91EaniW+yML._AC_UL300_SR300,200_.jpg"
307.0,Coloriages mystأ¨res Disney - Mickey and friends,4,4.8,0.07577,Jérémy Mariez,Paperback,"Arts, Crafts, & Hobbies","https://images-eu.ssl-images-amazon.com/images/I/81gX7wE7VmL._AC_UL300_SR300,200_.jpg"
308.0,Batman: The Golden Age Omnibus Vol. 1 (2023 Editio,4,4.9,0.0031,Bob Kan e,Hardcover,Comics & Humor,"https://images-eu.ssl-images-amazon.com/images/I/81fY7Gc-dIL._AC_UL300_SR300,200_.jpg"
309.0,"Man's Search For Meaning: The classic tribute to hope from the Holocaust Frankl, Viktor E",1,4.7,5.00428,Viktor E Frankl,Paperback,Textbooks and study guide,"https://images-eu.ssl-images-amazon.com/images/I/61157LApbuL._AC_UL300_SR300,200_.jpg"
310.0,DK Children Baby Touch And Feel Mealtime,1,4.5,0.03869,DK,Board book,Children & Young Adults,"https://images-eu.ssl-images-amazon.com/images/I/71Zw8OYPrIL._AC_UL300_SR300,200_.jpg"
311.0,The Food For Life Cookbook: 100+ Recipes Created with ZOE,4,4.5,0.10813,Tim t o r,Hardcover,Cookbooks & Food,"https://images-eu.ssl-images-amazon.com/images/I/71y71Q+YuQL._AC_UL300_SR300,200_.jpg"
312.0,"Food for Life: The New Science of Eating Well, by the #1 bestsell",4,4.6,0.14658,Tim t o r,Paperback,Health & Fitness,"https://images-eu.ssl-images-amazon.com/images/I/71dKEGV5j0L._AC_UL300_SR300,200_.jpg"
313.0,Why Has Nobody Told Me This Before?: The No 1 Sunday Times Bestseller 2022,3,4.6,1.1049,Dr Julie Smi t h,Paperback,Health & Fitness,"https://images-eu.ssl-images-amazon.com/images/I/61WA9ViLmML._AC_UL300_SR300,200_.jpg"
314.0,ONEWorld Publications Sweet Bean Paste: The International Bestseller,4,4.7,0.0816,Durian Sukegawa,Paperback,Cookbooks & Food,"https://images-eu.ssl-images-amazon.com/images/I/71M5WKI6dJL._AC_UL300_SR300,200_.jpg"
315.0,"Shifrat Da Vinci: The Da Vinci Code (Arabic Edition), Dan Brown, The Arab Science Publishers",4,4.3,0.0062,Dan Brown.,Paperback,Mystery & Thriller,"https://images-eu.ssl-images-amazon.com/images/I/91dDl4qglFL._AC_UL300_SR300,200_.jpg"
316.0,A Game of Thrones: 1,2,4.6,0.03857,George R. R. Martin,Mass Market Paperback,Poetry & Essays,"https://images-eu.ssl-images-amazon.com/images/I/81dvjub+IRL._AC_UL300_SR300,200_.jpg"
318.0,"Peter Pauper Press Celestial Journal (Diary, Notebook)",4,4.9,1.18401,Inc Peter Pauper Press,Diary,History & Culture,"https://images-eu.ssl-images-amazon.com/images/I/A15c+pr-6sL._AC_UL300_SR300,200_.jpg"
319.0,Llama Llama Nighty-Night,1,4.8,0.00037,Anna Dewdney,Board book,Children & Young Adults,"https://images-eu.ssl-images-amazon.com/images/I/81VDjQQ+GlL._AC_UL300_SR300,200_.jpg"
320.0,The Diary of a Bookseller,4,4.5,0.09561,Shaun Bythell,Paperback,Poetry & Essays,"https://images-eu.ssl-images-amazon.com/images/I/81wdElKiO2L._AC_UL300_SR300,200_.jpg"
321.0,Inner Traditions International Muhammad: His Life Based on the Earliest Sources,3,4.8,0.23623,Martin Lings,Paperback,Religion & Spirituality,"https://images-eu.ssl-images-amazon.com/images/I/81T2sIksH4L._AC_UL300_SR300,200_.jpg"
322.0,"Teach Yourself Short Stories in English for Beginners: Read for pleasure at your level, expand your vocabulary and learn English the fun way!",4,4.7,0.12475,Olly Richard s,Paperback,Education & Reference,"https://images-eu.ssl-images-amazon.com/images/I/81XOjJK0prL._AC_UL600_SR600,400_.jpg"
323.0,How to Win Friends and Influence People,2,4.5,0.69059,Dale Carnegi e,Paperback,Self-Help & Personal Development,"https://images-eu.ssl-images-amazon.com/images/I/611OWa8x+WL._AC_UL300_SR300,200_.jpg"
324.0,The Girl Who Never Made Mistakes,4,4.7,0.31436,Gary Rubinstein,Hardcover,Children & Young Adults,"https://images-eu.ssl-images-amazon.com/images/I/71Um-uEGVbL._AC_UL300_SR300,200_.jpg"
325.0,Everyone Here Is Lying: A Novel,0,4.6,0.1276,Shari Lapena,Hardcover,Mystery & Thriller,"https://images-eu.ssl-images-amazon.com/images/I/81kBg491MFL._AC_UL300_SR300,200_.jpg"
326.0,The Ten Types of Human: Who We Are and Who We Can Be,4,4.6,0.02951,Dexter Dias,Paperback,Psychology & Philosophy,"https://images-eu.ssl-images-amazon.com/images/I/71dQ6auvKHL._AC_UL300_SR300,200_.jpg"
327.0,No More Nappies: A Potty-Training Book,3,4.7,1.11866,Campbell Books,Board book,Children & Young Adults,"https://images-eu.ssl-images-amazon.com/images/I/81fZHA1dDhL._AC_UL600_SR600,400_.jpg"
328.0,"Blue Ocean Strategy, Expanded Edition: How to Create Uncontested Market Space and Make the Competition Irrelevant",4,4.6,0.44828,W Chan Kim,Hardcover,Parenting & Family,"https://images-eu.ssl-images-amazon.com/images/I/91YCWH4jFdL._AC_UL600_SR600,400_.jpg"
329.0,Twisted Games: the must-read bodyguard romance: 2 ,4,4.7,1.23262,Ana Huang,Paperback,Fiction Genres,"https://images-eu.ssl-images-amazon.com/images/I/71pLR3Iy50L._AC_UL600_SR600,400_.jpg"
330.0,The bell jar ,2,4.6,0.0465,Sylvia Plat h,Paperback,Psychological & Drama,"https://images-eu.ssl-images-amazon.com/images/I/91jUUia8vKL._AC_UL300_SR300,200_.jpg"
331.0,It Didn't Start With You: How inherited family trauma shapes who we are and,4,4.7,1.22035,Mark Wolynn,Paperback,Health & Fitness,"https://images-eu.ssl-images-amazon.com/images/I/711+NwnODwL._AC_UL600_SR600,400_.jpg"
332.0,The Power of A Positive Attitude: Your Road To Success,0,4.4,0.60701,Roger Fritz,Paperback,Self-Help & Personal Development,"https://images-eu.ssl-images-amazon.com/images/I/610kcuW0g1L._AC_UL600_SR600,400_.jpg"
333.0,Never Finished: Unshackle Your Mind and Win the War Within,4,4.8,0.3151,David Goggins,Paperback,Self-Help & Personal Development,"https://images-eu.ssl-images-amazon.com/images/I/61IzrJ6qSkL._AC_UL600_SR600,400_.jpg"
334.0,The Little Red Hen ,0,4.7,0.5522,J. P. Mille r,Hardcover,Children & Young Adults,"https://images-eu.ssl-images-amazon.com/images/I/91cBMSpxXDL._AC_UL300_SR300,200_.jpg"
335.0,"Do It Today: Overcome procrastination, improve productivity and achieve more meaningful things",2,4.5,0.5775,Darius Foroux,Paperback,Self-Help & Personal Development,"https://images-eu.ssl-images-amazon.com/images/I/61jCkOVf1oL._AC_UL300_SR300,200_.jpg"
336.0,Blue Sisters,4,4.3,0.02009,Coco Mello r s,Paperback,Fiction Genres,"https://images-eu.ssl-images-amazon.com/images/I/818vHhQ5P+L._AC_UL600_SR600,400_.jpg"
337.0,Crime and Punishment,3,4.6,0.33779,Fyodor Dostoyevsky,Paperback,Mystery & Thriller,"https://images-eu.ssl-images-amazon.com/images/I/81bAXZAp-GL._AC_UL600_SR600,400_.jpg"
338.0,The Ballad of Never After: the stunning sequel to the Sunday Times bestseller Once Upon A Broken Heart,3,4.8,0.32477,Stephanie Garbe r,Paperback,Science Fiction & Fantasy,"https://images-eu.ssl-images-amazon.com/images/I/81eZMptKtbL._AC_UL600_SR600,400_.jpg"
339.0,No Longer Human,3,4.7,1.69343,Osamu Dazai,Paperback,Historical Fiction,"https://images-eu.ssl-images-amazon.com/images/I/41alKvN9GwL._AC_UL300_SR300,200_.jpg"
340.0,"The Coming Wave: Technology, Power, and the Twenty-first Century's Greatest Dilemma",3,4.4,0.10962,Mustafa Suleyman,Paperback,Technology & Digital Media,"https://images-eu.ssl-images-amazon.com/images/I/81GffHs0vSL._AC_UL300_SR300,200_.jpg"
341.0,IKIGAI,4,4.6,5.22402,Héctor García,Hardcover,Self-Help & Personal Development,"https://images-eu.ssl-images-amazon.com/images/I/71xH0ALI4-L._AC_UL300_SR300,200_.jpg"
,a good girl's guide to murder,3,4.8,1.46067,Holly Jackson,Paperback,Fiction Genres,"https://images-eu.ssl-images-amazon.com/images/I/81E3hDPr3eL._AC_UL300_SR300,200_.jpg"
